TransactionID,ProductID,Quantity,SalePrice,PurchasePrice
1,1124.0,5.0,13.38,9.91
2,1146.0,14.0,26.88,25.6
3,1128.0,8.0,15.89,13.24
4,1101.0,8.0,2.9,2.42
5,1112.0,2.0,7.23,4.82
6,1133.0,12.0,17.21,16.39
7,1110.0,10.0,9.83,8.94
8,1105.0,3.0,4.29,2.96
9,1124.0,2.0,14.87,9.91
10,1125.0,9.0,17.8,14.83
11,1122.0,1.0,20.41,13.17
12,1148.0,12.0,3.14,2.99
13,1134.0,21.0,21.18,20.17
14,1115.0,9.0,7.73,6.72
15,1150.0,2.0,3.0,2.0
16,1121.0,3.0,13.88,9.57
17,1112.0,16.0,5.06,4.82
18,1146.0,6.0,33.28,25.6
19,1141.0,3.0,41.69,28.75
20,1128.0,5.0,17.87,13.24
21,1139.0,2.0,37.5,25.0
22,1138.0,4.0,43.65,31.18
23,1139.0,11.0,26.25,25.0
24,1100.0,24.0,2.1,2.0
25,1112.0,7.0,6.03,4.82
26,1139.0,4.0,35.0,25.0
27,1145.0,5.0,30.21,22.38
28,1115.0,9.0,7.73,6.72
29,1110.0,11.0,9.39,8.94
30,1139.0,10.0,27.5,25.0
31,1125.0,9.0,17.8,14.83
32,1121.0,5.0,12.92,9.57
33,1147.0,19.0,5.52,5.26
34,1121.0,10.0,10.53,9.57
35,1131.0,17.0,18.01,17.15
36,1129.0,10.0,22.49,20.45
37,1103.0,7.0,5.01,4.01
38,1110.0,10.0,9.83,8.94
39,1108.0,10.0,2.78,2.53
40,1122.0,10.0,14.49,13.17
41,1119.0,23.0,21.14,20.13
42,1132.0,4.0,18.06,12.9
43,1123.0,1.0,23.79,15.35
44,1137.0,17.0,2.21,2.1
45,1124.0,4.0,13.87,9.91
46,1138.0,8.0,37.42,31.18
47,1133.0,8.0,19.67,16.39
48,1104.0,4.0,3.44,2.46
49,1119.0,20.0,21.14,20.13
50,1125.0,4.0,17.8,14.83
51,1123.0,4.0,21.49,15.35
52,1149.0,10.0,36.96,33.6
53,1110.0,2.0,13.41,8.94
54,1126.0,11.0,8.7,8.29
55,1112.0,2.0,7.23,4.82
56,1121.0,10.0,10.53,9.57
57,1105.0,12.0,3.11,2.96
58,1105.0,10.0,3.26,2.96
59,1106.0,7.0,4.72,3.78
60,1129.0,10.0,22.49,20.45
61,1121.0,7.0,11.96,9.57
62,1125.0,3.0,17.8,14.83
63,1110.0,2.0,13.41,8.94
64,1113.0,7.0,16.0,12.8
65,1113.0,11.0,13.44,12.8
66,1148.0,10.0,3.29,2.99
67,1128.0,5.0,17.87,13.24
68,1105.0,12.0,3.11,2.96
69,1125.0,8.0,17.8,14.83
70,1125.0,8.0,17.8,14.83
71,1139.0,7.0,31.25,25.0
72,1131.0,7.0,21.44,17.15
73,1143.0,10.0,14.49,13.17
74,1120.0,7.0,10.12,8.1
75,1125.0,5.0,17.8,14.83
76,1147.0,28.0,5.52,5.26
77,1113.0,4.0,17.92,12.8
78,1122.0,1.0,20.41,13.17
79,1146.0,2.0,38.4,25.6
80,1122.0,5.0,17.78,13.17
81,1125.0,6.0,17.8,14.83
82,1101.0,4.0,3.39,2.42
83,1110.0,8.0,10.73,8.94
84,1110.0,6.0,11.62,8.94
85,1124.0,3.0,14.37,9.91
86,1108.0,5.0,3.42,2.53
87,1101.0,2.0,3.63,2.42
88,1125.0,1.0,17.8,14.83
89,1126.0,3.0,12.02,8.29
90,1150.0,11.0,2.1,2.0
91,1107.0,8.0,3.59,2.99
92,1112.0,11.0,5.06,4.82
93,1136.0,8.0,25.73,21.44
94,1146.0,11.0,26.88,25.6
95,1146.0,10.0,28.16,25.6
96,1128.0,8.0,15.89,13.24
97,1101.0,2.0,3.63,2.42
98,1128.0,10.0,14.56,13.24
99,1148.0,9.0,3.44,2.99
100,1125.0,5.0,17.8,14.83
101,1136.0,4.0,30.02,21.44
102,1111.0,10.0,6.35,5.77
103,1112.0,7.0,6.03,4.82
104,1118.0,11.0,8.67,8.26
105,1146.0,12.0,26.88,25.6
106,1112.0,6.0,6.27,4.82
107,1122.0,5.0,17.78,13.17
108,1108.0,11.0,2.66,2.53
109,1113.0,10.0,14.08,12.8
110,1115.0,11.0,7.06,6.72
111,1115.0,12.0,7.06,6.72
112,1117.0,2.0,21.11,14.07
113,1132.0,1.0,20.0,12.9
114,1124.0,13.0,10.41,9.91
115,1138.0,10.0,34.3,31.18
116,1137.0,5.0,2.83,2.1
117,1112.0,10.0,5.3,4.82
118,1119.0,15.0,21.14,20.13
119,1135.0,5.0,42.63,31.58
120,1133.0,9.0,18.85,16.39
121,1146.0,13.0,26.88,25.6
122,1140.0,7.0,34.95,27.96
123,1125.0,1.0,17.8,14.83
124,1105.0,7.0,3.7,2.96
125,1101.0,7.0,3.02,2.42
126,1143.0,5.0,17.78,13.17
127,1148.0,2.0,4.49,2.99
128,1115.0,11.0,7.06,6.72
129,1128.0,18.0,13.9,13.24
130,1118.0,9.0,9.5,8.26
131,1132.0,6.0,16.77,12.9
132,1112.0,2.0,7.23,4.82
133,1134.0,21.0,21.18,20.17
134,1128.0,4.0,18.54,13.24
135,1143.0,14.0,13.83,13.17
136,1143.0,7.0,16.46,13.17
137,1150.0,4.0,2.8,2.0
138,1105.0,6.0,3.85,2.96
139,1118.0,10.0,9.09,8.26
140,1124.0,10.0,10.9,9.91
141,1145.0,3.0,32.45,22.38
142,1128.0,18.0,13.9,13.24
143,1138.0,8.0,37.42,31.18
144,1105.0,4.0,4.14,2.96
145,1145.0,7.0,27.97,22.38
146,1119.0,5.0,27.18,20.13
147,1103.0,6.0,5.21,4.01
148,1104.0,10.0,2.71,2.46
149,1111.0,13.0,6.06,5.77
150,1148.0,12.0,3.14,2.99
151,1103.0,1.0,6.22,4.01
152,1120.0,2.0,12.15,8.1
153,1105.0,5.0,4.0,2.96
154,1134.0,22.0,21.18,20.17
155,1114.0,2.0,6.95,4.63
156,1122.0,4.0,18.44,13.17
157,1119.0,12.0,21.14,20.13
158,1144.0,9.0,4.36,3.79
159,1108.0,1.0,3.92,2.53
160,1138.0,5.0,42.09,31.18
161,1131.0,9.0,19.72,17.15
162,1115.0,4.0,9.41,6.72
163,1112.0,16.0,5.06,4.82
164,1120.0,6.0,10.53,8.1
165,1129.0,6.0,26.59,20.45
166,1136.0,5.0,28.94,21.44
167,1131.0,1.0,26.58,17.15
168,1108.0,5.0,3.42,2.53
169,1134.0,5.0,27.23,20.17
170,1110.0,11.0,9.39,8.94
171,1140.0,4.0,39.14,27.96
172,1120.0,2.0,12.15,8.1
173,1139.0,13.0,26.25,25.0
174,1129.0,6.0,26.59,20.45
175,1140.0,4.0,39.14,27.96
176,1109.0,22.0,11.26,10.72
177,1141.0,8.0,34.5,28.75
178,1126.0,8.0,9.95,8.29
179,1132.0,11.0,13.54,12.9
180,1100.0,13.0,2.1,2.0
181,1143.0,7.0,16.46,13.17
182,1120.0,3.0,11.75,8.1
183,1101.0,10.0,2.66,2.42
184,1105.0,3.0,4.29,2.96
185,1146.0,10.0,28.16,25.6
186,1112.0,13.0,5.06,4.82
187,1111.0,11.0,6.06,5.77
188,1136.0,10.0,23.58,21.44
189,1146.0,18.0,26.88,25.6
190,1128.0,17.0,13.9,13.24
191,1124.0,11.0,10.41,9.91
192,1139.0,8.0,30.0,25.0
193,1125.0,1.0,17.8,14.83
194,1132.0,3.0,18.7,12.9
195,1127.0,6.0,16.39,12.61
196,1115.0,12.0,7.06,6.72
197,1134.0,9.0,23.2,20.17
198,1124.0,3.0,14.37,9.91
199,1141.0,12.0,30.19,28.75
200,1135.0,8.0,37.9,31.58
201,1118.0,9.0,9.5,8.26
202,1112.0,19.0,5.06,4.82
203,1145.0,9.0,25.74,22.38
204,1135.0,7.0,39.47,31.58
205,1134.0,20.0,21.18,20.17
206,1146.0,8.0,30.72,25.6
207,1126.0,8.0,9.95,8.29
208,1135.0,3.0,45.79,31.58
209,1132.0,3.0,18.7,12.9
210,1120.0,4.0,11.34,8.1
211,1125.0,3.0,17.8,14.83
212,1127.0,8.0,15.13,12.61
213,1100.0,31.0,2.1,2.0
214,1115.0,12.0,7.06,6.72
215,1125.0,6.0,17.8,14.83
216,1136.0,2.0,32.16,21.44
217,1100.0,12.0,2.1,2.0
218,1104.0,11.0,2.58,2.46
219,1101.0,2.0,3.63,2.42
220,1112.0,2.0,7.23,4.82
221,1125.0,3.0,17.8,14.83
222,1114.0,8.0,5.56,4.63
223,1127.0,15.0,13.24,12.61
224,1136.0,9.0,24.66,21.44
225,1112.0,12.0,5.06,4.82
226,1128.0,12.0,13.9,13.24
227,1113.0,11.0,13.44,12.8
228,1115.0,12.0,7.06,6.72
229,1103.0,4.0,5.61,4.01
230,1110.0,6.0,11.62,8.94
231,1148.0,11.0,3.14,2.99
232,1119.0,25.0,21.14,20.13
233,1101.0,11.0,2.54,2.42
234,1147.0,26.0,5.52,5.26
235,1100.0,12.0,2.1,2.0
236,1112.0,8.0,5.78,4.82
237,1110.0,6.0,11.62,8.94
238,1119.0,6.0,26.17,20.13
239,1139.0,4.0,35.0,25.0
240,1136.0,7.0,26.8,21.44
241,1126.0,11.0,8.7,8.29
242,1109.0,13.0,11.26,10.72
243,1123.0,12.0,16.12,15.35
244,1124.0,9.0,11.4,9.91
245,1131.0,4.0,24.01,17.15
246,1115.0,6.0,8.74,6.72
247,1147.0,23.0,5.52,5.26
248,1138.0,9.0,35.86,31.18
249,1148.0,5.0,4.04,2.99
250,1112.0,14.0,5.06,4.82
251,1139.0,6.0,32.5,25.0
252,1128.0,7.0,16.55,13.24
253,1126.0,6.0,10.78,8.29
254,1122.0,5.0,17.78,13.17
255,1148.0,3.0,4.34,2.99
256,1103.0,7.0,5.01,4.01
257,1126.0,2.0,12.43,8.29
258,1131.0,7.0,21.44,17.15
259,1105.0,3.0,4.29,2.96
260,1132.0,2.0,19.35,12.9
261,1147.0,12.0,5.52,5.26
262,1141.0,5.0,38.81,28.75
263,1149.0,4.0,47.04,33.6
264,1134.0,5.0,27.23,20.17
265,1137.0,2.0,3.15,2.1
266,1112.0,8.0,5.78,4.82
267,1116.0,4.0,20.43,14.59
268,1138.0,12.0,32.74,31.18
269,1115.0,9.0,7.73,6.72
270,1110.0,2.0,13.41,8.94
271,1124.0,3.0,14.37,9.91
272,1126.0,9.0,9.53,8.29
273,1108.0,5.0,3.42,2.53
274,1138.0,16.0,32.74,31.18
275,1132.0,2.0,19.35,12.9
276,1145.0,12.0,23.5,22.38
277,1121.0,3.0,13.88,9.57
278,1134.0,5.0,27.23,20.17
279,1138.0,1.0,48.33,31.18
280,1129.0,8.0,24.54,20.45
281,1133.0,6.0,21.31,16.39
282,1100.0,18.0,2.1,2.0
283,1144.0,1.0,5.87,3.79
284,1145.0,3.0,32.45,22.38
285,1128.0,15.0,13.9,13.24
286,1114.0,9.0,5.32,4.63
287,1122.0,9.0,15.15,13.17
288,1146.0,10.0,28.16,25.6
289,1103.0,11.0,4.21,4.01
290,1134.0,5.0,27.23,20.17
291,1105.0,8.0,3.55,2.96
292,1115.0,12.0,7.06,6.72
293,1110.0,5.0,12.07,8.94
294,1108.0,12.0,2.66,2.53
295,1104.0,9.0,2.83,2.46
296,1100.0,17.0,2.1,2.0
297,1140.0,9.0,32.15,27.96
298,1126.0,5.0,11.19,8.29
299,1143.0,4.0,18.44,13.17
300,1141.0,6.0,37.38,28.75
301,1124.0,6.0,12.88,9.91
302,1129.0,8.0,24.54,20.45
303,1105.0,10.0,3.26,2.96
304,1137.0,11.0,2.21,2.1
305,1121.0,14.0,10.05,9.57
306,1105.0,12.0,3.11,2.96
307,1103.0,5.0,5.41,4.01
308,1122.0,5.0,17.78,13.17
309,1103.0,6.0,5.21,4.01
310,1115.0,6.0,8.74,6.72
311,1105.0,6.0,3.85,2.96
312,1148.0,2.0,4.49,2.99
313,1101.0,1.0,3.75,2.42
314,1101.0,1.0,3.75,2.42
315,1105.0,12.0,3.11,2.96
316,1138.0,5.0,42.09,31.18
317,1101.0,4.0,3.39,2.42
318,1124.0,5.0,13.38,9.91
319,1119.0,17.0,21.14,20.13
320,1132.0,5.0,17.41,12.9
321,1149.0,4.0,47.04,33.6
322,1145.0,4.0,31.33,22.38
323,1120.0,8.0,9.72,8.1
324,1132.0,3.0,18.7,12.9
325,1137.0,1.0,3.25,2.1
326,1146.0,15.0,26.88,25.6
327,1150.0,21.0,2.1,2.0
328,1142.0,7.0,54.39,43.51
329,1117.0,9.0,16.18,14.07
330,1122.0,1.0,20.41,13.17
331,1123.0,3.0,22.26,15.35
332,1103.0,12.0,4.21,4.01
333,1138.0,3.0,45.21,31.18
334,1110.0,6.0,11.62,8.94
335,1119.0,19.0,21.14,20.13
336,1105.0,9.0,3.4,2.96
337,1112.0,19.0,5.06,4.82
338,1122.0,3.0,19.1,13.17
339,1130.0,13.0,29.81,28.39
340,1122.0,8.0,15.8,13.17
341,1122.0,1.0,20.41,13.17
342,1126.0,7.0,10.36,8.29
343,1100.0,12.0,2.1,2.0
344,1120.0,7.0,10.12,8.1
345,1132.0,4.0,18.06,12.9
346,1101.0,8.0,2.9,2.42
347,1119.0,23.0,21.14,20.13
348,1135.0,8.0,37.9,31.58
349,1103.0,5.0,5.41,4.01
350,1121.0,14.0,10.05,9.57
351,1134.0,18.0,21.18,20.17
352,1114.0,9.0,5.32,4.63
353,1115.0,2.0,10.08,6.72
354,1128.0,17.0,13.9,13.24
355,1128.0,8.0,15.89,13.24
356,1121.0,2.0,14.36,9.57
357,1125.0,6.0,17.8,14.83
358,1138.0,12.0,32.74,31.18
359,1124.0,14.0,10.41,9.91
360,1125.0,9.0,17.8,14.83
361,1103.0,11.0,4.21,4.01
362,1110.0,5.0,12.07,8.94
363,1130.0,19.0,29.81,28.39
364,1148.0,9.0,3.44,2.99
365,1138.0,6.0,40.53,31.18
366,1134.0,21.0,21.18,20.17
367,1140.0,1.0,43.34,27.96
368,1137.0,20.0,2.21,2.1
369,1145.0,11.0,23.5,22.38
370,1128.0,14.0,13.9,13.24
371,1143.0,6.0,17.12,13.17
372,1101.0,4.0,3.39,2.42
373,1128.0,19.0,13.9,13.24
374,1126.0,6.0,10.78,8.29
375,1111.0,8.0,6.92,5.77
376,1124.0,1.0,15.36,9.91
377,1146.0,7.0,32.0,25.6
378,1134.0,14.0,21.18,20.17
379,1125.0,7.0,17.8,14.83
380,1122.0,10.0,14.49,13.17
381,1132.0,10.0,14.19,12.9
382,1121.0,6.0,12.44,9.57
383,1149.0,1.0,52.08,33.6
384,1140.0,4.0,39.14,27.96
385,1118.0,5.0,11.15,8.26
386,1146.0,2.0,38.4,25.6
387,1101.0,7.0,3.02,2.42
388,1107.0,4.0,4.19,2.99
389,1103.0,9.0,4.61,4.01
390,1119.0,23.0,21.14,20.13
391,1113.0,1.0,19.84,12.8
392,1103.0,5.0,5.41,4.01
393,1117.0,3.0,20.4,14.07
394,1123.0,8.0,18.42,15.35
395,1137.0,19.0,2.21,2.1
396,1138.0,14.0,32.74,31.18
397,1133.0,4.0,22.95,16.39
398,1120.0,5.0,10.93,8.1
399,1148.0,11.0,3.14,2.99
400,1100.0,2.0,3.0,2.0
401,1132.0,1.0,20.0,12.9
402,1132.0,12.0,13.54,12.9
403,1129.0,5.0,27.61,20.45
404,1100.0,21.0,2.1,2.0
405,1112.0,2.0,7.23,4.82
406,1113.0,10.0,14.08,12.8
407,1113.0,6.0,16.64,12.8
408,1103.0,6.0,5.21,4.01
409,1115.0,8.0,8.06,6.72
410,1132.0,12.0,13.54,12.9
411,1104.0,12.0,2.58,2.46
412,1141.0,4.0,40.25,28.75
413,1143.0,4.0,18.44,13.17
414,1138.0,2.0,46.77,31.18
415,1114.0,4.0,6.48,4.63
416,1117.0,14.0,14.77,14.07
417,1117.0,8.0,16.88,14.07
418,1110.0,2.0,13.41,8.94
419,1139.0,4.0,35.0,25.0
420,1131.0,1.0,26.58,17.15
421,1146.0,17.0,26.88,25.6
422,1142.0,5.0,58.74,43.51
423,1124.0,4.0,13.87,9.91
424,1134.0,14.0,21.18,20.17
425,1112.0,5.0,6.51,4.82
426,1150.0,13.0,2.1,2.0
427,1121.0,14.0,10.05,9.57
428,1139.0,10.0,27.5,25.0
429,1117.0,17.0,14.77,14.07
430,1130.0,15.0,29.81,28.39
431,1145.0,9.0,25.74,22.38
432,1140.0,7.0,34.95,27.96
433,1138.0,13.0,32.74,31.18
434,1132.0,3.0,18.7,12.9
435,1137.0,17.0,2.21,2.1
436,1105.0,5.0,4.0,2.96
437,1134.0,7.0,25.21,20.17
438,1123.0,2.0,23.02,15.35
439,1121.0,4.0,13.4,9.57
440,1100.0,22.0,2.1,2.0
441,1104.0,6.0,3.2,2.46
442,1138.0,3.0,45.21,31.18
443,1147.0,22.0,5.52,5.26
444,1140.0,2.0,41.94,27.96
445,1148.0,6.0,3.89,2.99
446,1108.0,11.0,2.66,2.53
447,1103.0,6.0,5.21,4.01
448,1110.0,2.0,13.41,8.94
449,1125.0,5.0,17.8,14.83
450,1121.0,9.0,11.01,9.57
451,1103.0,10.0,4.41,4.01
452,1112.0,1.0,7.47,4.82
453,1148.0,8.0,3.59,2.99
454,1136.0,5.0,28.94,21.44
455,1121.0,10.0,10.53,9.57
456,1146.0,6.0,33.28,25.6
457,1128.0,8.0,15.89,13.24
458,1125.0,6.0,17.8,14.83
459,1129.0,1.0,31.7,20.45
460,1143.0,14.0,13.83,13.17
461,1112.0,17.0,5.06,4.82
462,1100.0,24.0,2.1,2.0
463,1106.0,8.0,4.54,3.78
464,1124.0,9.0,11.4,9.91
465,1101.0,3.0,3.51,2.42
466,1103.0,10.0,4.41,4.01
467,1141.0,5.0,38.81,28.75
468,1135.0,5.0,42.63,31.58
469,1104.0,4.0,3.44,2.46
470,1130.0,7.0,35.49,28.39
471,1101.0,10.0,2.66,2.42
472,1129.0,7.0,25.56,20.45
473,1110.0,9.0,10.28,8.94
474,1126.0,1.0,12.85,8.29
475,1112.0,18.0,5.06,4.82
476,1112.0,14.0,5.06,4.82
477,1126.0,5.0,11.19,8.29
478,1112.0,2.0,7.23,4.82
479,1143.0,6.0,17.12,13.17
480,1124.0,1.0,15.36,9.91
481,1120.0,2.0,12.15,8.1
482,1102.0,9.0,2.97,2.58
483,1121.0,11.0,10.05,9.57
484,1134.0,10.0,22.19,20.17
485,1119.0,20.0,21.14,20.13
486,1121.0,12.0,10.05,9.57
487,1113.0,6.0,16.64,12.8
488,1148.0,21.0,3.14,2.99
489,1124.0,6.0,12.88,9.91
490,1129.0,5.0,27.61,20.45
491,1124.0,4.0,13.87,9.91
492,1139.0,12.0,26.25,25.0
493,1141.0,2.0,43.12,28.75
494,1134.0,4.0,28.24,20.17
495,1115.0,11.0,7.06,6.72
496,1100.0,6.0,2.6,2.0
497,1132.0,6.0,16.77,12.9
498,1101.0,10.0,2.66,2.42
499,1138.0,13.0,32.74,31.18
500,1134.0,9.0,23.2,20.17
501,1114.0,5.0,6.25,4.63
502,1141.0,7.0,35.94,28.75
503,1132.0,4.0,18.06,12.9
504,1112.0,12.0,5.06,4.82
505,1145.0,5.0,30.21,22.38
506,1133.0,2.0,24.59,16.39
507,1146.0,5.0,34.56,25.6
508,1125.0,1.0,17.8,14.83
509,1112.0,19.0,5.06,4.82
510,1132.0,12.0,13.54,12.9
511,1110.0,11.0,9.39,8.94
512,1145.0,1.0,34.69,22.38
513,1128.0,17.0,13.9,13.24
514,1134.0,9.0,23.2,20.17
515,1120.0,8.0,9.72,8.1
516,1146.0,1.0,39.68,25.6
517,1125.0,10.0,17.8,14.83
518,1126.0,4.0,11.61,8.29
519,1132.0,12.0,13.54,12.9
520,1128.0,19.0,13.9,13.24
521,1102.0,11.0,2.71,2.58
522,1145.0,12.0,23.5,22.38
523,1125.0,7.0,17.8,14.83
524,1133.0,12.0,17.21,16.39
525,1119.0,12.0,21.14,20.13
526,1138.0,2.0,46.77,31.18
527,1105.0,10.0,3.26,2.96
528,1105.0,7.0,3.7,2.96
529,1105.0,2.0,4.44,2.96
530,1131.0,11.0,18.01,17.15
531,1141.0,2.0,43.12,28.75
532,1121.0,7.0,11.96,9.57
533,1134.0,2.0,30.26,20.17
534,1140.0,3.0,40.54,27.96
535,1141.0,3.0,41.69,28.75
536,1133.0,8.0,19.67,16.39
537,1140.0,2.0,41.94,27.96
538,1122.0,9.0,15.15,13.17
539,1138.0,15.0,32.74,31.18
540,1103.0,5.0,5.41,4.01
541,1145.0,12.0,23.5,22.38
542,1132.0,1.0,20.0,12.9
543,1113.0,10.0,14.08,12.8
544,1126.0,1.0,12.85,8.29
545,1126.0,11.0,8.7,8.29
546,1115.0,6.0,8.74,6.72
547,1123.0,8.0,18.42,15.35
548,1122.0,7.0,16.46,13.17
549,1121.0,13.0,10.05,9.57
550,1133.0,8.0,19.67,16.39
551,1125.0,6.0,17.8,14.83
552,1132.0,10.0,14.19,12.9
553,1146.0,12.0,26.88,25.6
554,1120.0,10.0,8.91,8.1
555,1128.0,20.0,13.9,13.24
556,1114.0,11.0,4.86,4.63
557,1138.0,15.0,32.74,31.18
558,1110.0,9.0,10.28,8.94
559,1105.0,3.0,4.29,2.96
560,1129.0,10.0,22.49,20.45
561,1138.0,1.0,48.33,31.18
562,1112.0,1.0,7.47,4.82
563,1108.0,7.0,3.16,2.53
564,1137.0,8.0,2.52,2.1
565,1105.0,12.0,3.11,2.96
566,1103.0,9.0,4.61,4.01
567,1129.0,8.0,24.54,20.45
568,1137.0,12.0,2.21,2.1
569,1128.0,14.0,13.9,13.24
570,1129.0,2.0,30.68,20.45
571,1128.0,12.0,13.9,13.24
572,1109.0,7.0,13.4,10.72
573,1103.0,8.0,4.81,4.01
574,1100.0,3.0,2.9,2.0
575,1132.0,6.0,16.77,12.9
576,1132.0,3.0,18.7,12.9
577,1100.0,19.0,2.1,2.0
578,1123.0,12.0,16.12,15.35
579,1146.0,16.0,26.88,25.6
580,1132.0,10.0,14.19,12.9
581,1140.0,7.0,34.95,27.96
582,1103.0,9.0,4.61,4.01
583,1135.0,2.0,47.37,31.58
584,1133.0,7.0,20.49,16.39
585,1138.0,11.0,32.74,31.18
586,1100.0,19.0,2.1,2.0
587,1103.0,6.0,5.21,4.01
588,1100.0,13.0,2.1,2.0
589,1133.0,8.0,19.67,16.39
590,1143.0,14.0,13.83,13.17
591,1111.0,19.0,6.06,5.77
592,1125.0,7.0,17.8,14.83
593,1121.0,1.0,14.83,9.57
594,1110.0,9.0,10.28,8.94
595,1107.0,9.0,3.44,2.99
596,1125.0,9.0,17.8,14.83
597,1140.0,9.0,32.15,27.96
598,1126.0,8.0,9.95,8.29
599,1140.0,10.0,30.76,27.96
600,1100.0,27.0,2.1,2.0
601,1136.0,3.0,31.09,21.44
602,1122.0,5.0,17.78,13.17
603,1136.0,5.0,28.94,21.44
604,1145.0,7.0,27.97,22.38
605,1117.0,2.0,21.11,14.07
606,1114.0,10.0,5.09,4.63
607,1129.0,6.0,26.59,20.45
608,1112.0,8.0,5.78,4.82
609,1146.0,3.0,37.12,25.6
610,1134.0,24.0,21.18,20.17
611,1115.0,5.0,9.07,6.72
612,1148.0,18.0,3.14,2.99
613,1143.0,7.0,16.46,13.17
614,1129.0,1.0,31.7,20.45
615,1145.0,7.0,27.97,22.38
616,1138.0,10.0,34.3,31.18
617,1101.0,8.0,2.9,2.42
618,1105.0,7.0,3.7,2.96
619,1131.0,3.0,24.87,17.15
620,1125.0,8.0,17.8,14.83
621,1115.0,12.0,7.06,6.72
622,1140.0,2.0,41.94,27.96
623,1100.0,18.0,2.1,2.0
624,1131.0,18.0,18.01,17.15
625,1115.0,10.0,7.39,6.72
626,1119.0,13.0,21.14,20.13
627,1101.0,5.0,3.27,2.42
628,1110.0,8.0,10.73,8.94
629,1136.0,5.0,28.94,21.44
630,1135.0,10.0,34.74,31.58
631,1146.0,17.0,26.88,25.6
632,1100.0,27.0,2.1,2.0
633,1141.0,9.0,33.06,28.75
634,1103.0,1.0,6.22,4.01
635,1110.0,11.0,9.39,8.94
636,1108.0,5.0,3.42,2.53
637,1119.0,11.0,21.14,20.13
638,1134.0,8.0,24.2,20.17
639,1138.0,15.0,32.74,31.18
640,1139.0,2.0,37.5,25.0
641,1103.0,2.0,6.01,4.01
642,1128.0,1.0,20.52,13.24
643,1103.0,2.0,6.01,4.01
644,1103.0,3.0,5.81,4.01
645,1135.0,7.0,39.47,31.58
646,1141.0,11.0,30.19,28.75
647,1132.0,7.0,16.12,12.9
648,1140.0,8.0,33.55,27.96
649,1148.0,15.0,3.14,2.99
650,1125.0,2.0,17.8,14.83
651,1143.0,4.0,18.44,13.17
652,1103.0,11.0,4.21,4.01
653,1134.0,2.0,30.26,20.17
654,1126.0,2.0,12.43,8.29
655,1120.0,4.0,11.34,8.1
656,1124.0,8.0,11.89,9.91
657,1134.0,19.0,21.18,20.17
658,1124.0,6.0,12.88,9.91
659,1119.0,25.0,21.14,20.13
660,1112.0,11.0,5.06,4.82
661,1137.0,2.0,3.15,2.1
662,1112.0,15.0,5.06,4.82
663,1136.0,10.0,23.58,21.44
664,1100.0,14.0,2.1,2.0
665,1122.0,9.0,15.15,13.17
666,1136.0,10.0,23.58,21.44
667,1112.0,17.0,5.06,4.82
668,1120.0,2.0,12.15,8.1
669,1142.0,7.0,54.39,43.51
670,1140.0,4.0,39.14,27.96
671,1112.0,14.0,5.06,4.82
672,1140.0,11.0,29.36,27.96
673,1103.0,11.0,4.21,4.01
674,1140.0,10.0,30.76,27.96
675,1117.0,8.0,16.88,14.07
676,1136.0,7.0,26.8,21.44
677,1131.0,4.0,24.01,17.15
678,1146.0,17.0,26.88,25.6
679,1103.0,12.0,4.21,4.01
680,1122.0,5.0,17.78,13.17
681,1135.0,3.0,45.79,31.58
682,1115.0,9.0,7.73,6.72
683,1136.0,5.0,28.94,21.44
684,1122.0,4.0,18.44,13.17
685,1129.0,1.0,31.7,20.45
686,1129.0,2.0,30.68,20.45
687,1123.0,4.0,21.49,15.35
688,1134.0,13.0,21.18,20.17
689,1124.0,12.0,10.41,9.91
690,1128.0,6.0,17.21,13.24
691,1110.0,11.0,9.39,8.94
692,1137.0,3.0,3.04,2.1
693,1115.0,8.0,8.06,6.72
694,1113.0,2.0,19.2,12.8
695,1120.0,9.0,9.31,8.1
696,1110.0,10.0,9.83,8.94
697,1135.0,10.0,34.74,31.58
698,1116.0,9.0,16.78,14.59
699,1110.0,4.0,12.52,8.94
700,1103.0,8.0,4.81,4.01
701,1140.0,11.0,29.36,27.96
702,1128.0,13.0,13.9,13.24
703,1132.0,4.0,18.06,12.9
704,1132.0,12.0,13.54,12.9
705,1137.0,1.0,3.25,2.1
706,1133.0,10.0,18.03,16.39
707,1141.0,1.0,44.56,28.75
708,1138.0,2.0,46.77,31.18
709,1103.0,10.0,4.41,4.01
710,1117.0,15.0,14.77,14.07
711,1125.0,4.0,17.8,14.83
712,1132.0,5.0,17.41,12.9
713,1109.0,10.0,11.79,10.72
714,1125.0,7.0,17.8,14.83
715,1148.0,13.0,3.14,2.99
716,1140.0,8.0,33.55,27.96
717,1125.0,7.0,17.8,14.83
718,1143.0,4.0,18.44,13.17
719,1135.0,11.0,33.16,31.58
720,1105.0,6.0,3.85,2.96
721,1147.0,25.0,5.52,5.26
722,1120.0,8.0,9.72,8.1
723,1145.0,1.0,34.69,22.38
724,1116.0,13.0,15.32,14.59
725,1101.0,5.0,3.27,2.42
726,1143.0,8.0,15.8,13.17
727,1128.0,1.0,20.52,13.24
728,1138.0,10.0,34.3,31.18
729,1117.0,12.0,14.77,14.07
730,1114.0,2.0,6.95,4.63
731,1134.0,12.0,21.18,20.17
732,1134.0,19.0,21.18,20.17
733,1101.0,3.0,3.51,2.42
734,1110.0,4.0,12.52,8.94
735,1112.0,1.0,7.47,4.82
736,1148.0,11.0,3.14,2.99
737,1129.0,5.0,27.61,20.45
738,1133.0,10.0,18.03,16.39
739,1139.0,2.0,37.5,25.0
740,1110.0,8.0,10.73,8.94
741,1128.0,20.0,13.9,13.24
742,1124.0,13.0,10.41,9.91
743,1137.0,9.0,2.42,2.1
744,1124.0,5.0,13.38,9.91
745,1117.0,5.0,18.99,14.07
746,1141.0,7.0,35.94,28.75
747,1137.0,16.0,2.21,2.1
748,1124.0,1.0,15.36,9.91
749,1113.0,3.0,18.56,12.8
750,1126.0,9.0,9.53,8.29
751,1122.0,6.0,17.12,13.17
752,1113.0,9.0,14.72,12.8
753,1142.0,4.0,60.91,43.51
754,1119.0,17.0,21.14,20.13
755,1136.0,5.0,28.94,21.44
756,1103.0,7.0,5.01,4.01
757,1122.0,7.0,16.46,13.17
758,1129.0,1.0,31.7,20.45
759,1121.0,8.0,11.48,9.57
760,1114.0,11.0,4.86,4.63
761,1117.0,13.0,14.77,14.07
762,1122.0,8.0,15.8,13.17
763,1125.0,8.0,17.8,14.83
764,1104.0,9.0,2.83,2.46
765,1135.0,7.0,39.47,31.58
766,1100.0,12.0,2.1,2.0
767,1128.0,15.0,13.9,13.24
768,1104.0,1.0,3.81,2.46
769,1126.0,9.0,9.53,8.29
770,1126.0,11.0,8.7,8.29
771,1103.0,7.0,5.01,4.01
772,1123.0,4.0,21.49,15.35
773,1136.0,4.0,30.02,21.44
774,1110.0,8.0,10.73,8.94
775,1148.0,19.0,3.14,2.99
776,1103.0,11.0,4.21,4.01
777,1105.0,10.0,3.26,2.96
778,1114.0,8.0,5.56,4.63
779,1128.0,9.0,15.23,13.24
780,1133.0,10.0,18.03,16.39
781,1147.0,9.0,6.05,5.26
782,1145.0,1.0,34.69,22.38
783,1150.0,11.0,2.1,2.0
784,1110.0,11.0,9.39,8.94
785,1141.0,11.0,30.19,28.75
786,1120.0,6.0,10.53,8.1
787,1122.0,3.0,19.1,13.17
788,1119.0,17.0,21.14,20.13
789,1114.0,6.0,6.02,4.63
790,1115.0,1.0,10.42,6.72
791,1117.0,14.0,14.77,14.07
792,1122.0,3.0,19.1,13.17
793,1111.0,16.0,6.06,5.77
794,1118.0,13.0,8.67,8.26
795,1108.0,1.0,3.92,2.53
796,1102.0,3.0,3.74,2.58
797,1132.0,7.0,16.12,12.9
798,1140.0,11.0,29.36,27.96
799,1121.0,11.0,10.05,9.57
800,1101.0,2.0,3.63,2.42
801,1105.0,11.0,3.11,2.96
802,1127.0,6.0,16.39,12.61
803,1120.0,10.0,8.91,8.1
804,1114.0,1.0,7.18,4.63
805,1101.0,3.0,3.51,2.42
806,1141.0,5.0,38.81,28.75
807,1129.0,8.0,24.54,20.45
808,1104.0,3.0,3.57,2.46
809,1122.0,6.0,17.12,13.17
810,1120.0,2.0,12.15,8.1
811,1131.0,10.0,18.86,17.15
812,1125.0,4.0,17.8,14.83
813,1136.0,1.0,33.23,21.44
814,1132.0,10.0,14.19,12.9
815,1126.0,7.0,10.36,8.29
816,1135.0,3.0,45.79,31.58
817,1107.0,10.0,3.29,2.99
818,1120.0,1.0,12.55,8.1
819,1113.0,11.0,13.44,12.8
820,1126.0,4.0,11.61,8.29
821,1103.0,8.0,4.81,4.01
822,1110.0,7.0,11.17,8.94
823,1110.0,8.0,10.73,8.94
824,1136.0,7.0,26.8,21.44
825,1147.0,5.0,7.1,5.26
826,1113.0,7.0,16.0,12.8
827,1142.0,5.0,58.74,43.51
828,1148.0,10.0,3.29,2.99
829,1138.0,10.0,34.3,31.18
830,1140.0,7.0,34.95,27.96
831,1140.0,4.0,39.14,27.96
832,1111.0,5.0,7.79,5.77
833,1120.0,9.0,9.31,8.1
834,1145.0,6.0,29.09,22.38
835,1131.0,18.0,18.01,17.15
836,1134.0,8.0,24.2,20.17
837,1145.0,7.0,27.97,22.38
838,1145.0,3.0,32.45,22.38
839,1126.0,6.0,10.78,8.29
840,1145.0,2.0,33.57,22.38
841,1110.0,4.0,12.52,8.94
842,1141.0,11.0,30.19,28.75
843,1139.0,4.0,35.0,25.0
844,1135.0,3.0,45.79,31.58
845,1146.0,15.0,26.88,25.6
846,1102.0,11.0,2.71,2.58
847,1124.0,7.0,12.39,9.91
848,1140.0,5.0,37.75,27.96
849,1120.0,1.0,12.55,8.1
850,1126.0,8.0,9.95,8.29
851,1113.0,8.0,15.36,12.8
852,1138.0,11.0,32.74,31.18
853,1142.0,6.0,56.56,43.51
854,1112.0,5.0,6.51,4.82
855,1110.0,7.0,11.17,8.94
856,1135.0,7.0,39.47,31.58
857,1146.0,7.0,32.0,25.6
858,1128.0,3.0,19.2,13.24
859,1100.0,12.0,2.1,2.0
860,1125.0,3.0,17.8,14.83
861,1147.0,14.0,5.52,5.26
862,1123.0,1.0,23.79,15.35
863,1102.0,9.0,2.97,2.58
864,1117.0,11.0,14.77,14.07
865,1102.0,7.0,3.23,2.58
866,1146.0,6.0,33.28,25.6
867,1133.0,3.0,23.77,16.39
868,1101.0,5.0,3.27,2.42
869,1137.0,3.0,3.04,2.1
870,1139.0,5.0,33.75,25.0
871,1116.0,12.0,15.32,14.59
872,1122.0,2.0,19.75,13.17
873,1126.0,1.0,12.85,8.29
874,1145.0,11.0,23.5,22.38
875,1117.0,10.0,15.48,14.07
876,1100.0,6.0,2.6,2.0
877,1115.0,2.0,10.08,6.72
878,1137.0,21.0,2.21,2.1
879,1115.0,9.0,7.73,6.72
880,1129.0,3.0,29.65,20.45
881,1127.0,11.0,13.24,12.61
882,1129.0,1.0,31.7,20.45
883,1132.0,12.0,13.54,12.9
884,1147.0,14.0,5.52,5.26
885,1122.0,7.0,16.46,13.17
886,1134.0,17.0,21.18,20.17
887,1120.0,3.0,11.75,8.1
888,1132.0,11.0,13.54,12.9
889,1139.0,9.0,28.75,25.0
890,1119.0,8.0,24.16,20.13
891,1125.0,3.0,17.8,14.83
892,1129.0,3.0,29.65,20.45
893,1129.0,4.0,28.63,20.45
894,1126.0,1.0,12.85,8.29
895,1109.0,21.0,11.26,10.72
896,1101.0,6.0,3.15,2.42
897,1125.0,5.0,17.8,14.83
898,1132.0,5.0,17.41,12.9
899,1120.0,8.0,9.72,8.1
900,1120.0,5.0,10.93,8.1
901,1112.0,13.0,5.06,4.82
902,1101.0,7.0,3.02,2.42
903,1108.0,3.0,3.67,2.53
904,1115.0,7.0,8.4,6.72
905,1126.0,4.0,11.61,8.29
906,1128.0,7.0,16.55,13.24
907,1122.0,4.0,18.44,13.17
908,1120.0,5.0,10.93,8.1
909,1134.0,10.0,22.19,20.17
910,1129.0,1.0,31.7,20.45
911,1134.0,14.0,21.18,20.17
912,1143.0,3.0,19.1,13.17
913,1103.0,9.0,4.61,4.01
914,1138.0,3.0,45.21,31.18
915,1110.0,8.0,10.73,8.94
916,1107.0,3.0,4.34,2.99
917,1124.0,8.0,11.89,9.91
918,1148.0,16.0,3.14,2.99
919,1112.0,14.0,5.06,4.82
920,1102.0,9.0,2.97,2.58
921,1134.0,8.0,24.2,20.17
922,1134.0,18.0,21.18,20.17
923,1114.0,9.0,5.32,4.63
924,1125.0,6.0,17.8,14.83
925,1150.0,21.0,2.1,2.0
926,1123.0,11.0,16.12,15.35
927,1143.0,13.0,13.83,13.17
928,1129.0,6.0,26.59,20.45
929,1134.0,4.0,28.24,20.17
930,1125.0,8.0,17.8,14.83
931,1107.0,7.0,3.74,2.99
932,1133.0,2.0,24.59,16.39
933,1148.0,6.0,3.89,2.99
934,1122.0,10.0,14.49,13.17
935,1130.0,20.0,29.81,28.39
936,1104.0,4.0,3.44,2.46
937,1105.0,8.0,3.55,2.96
938,1103.0,4.0,5.61,4.01
939,1140.0,5.0,37.75,27.96
940,1137.0,12.0,2.21,2.1
941,1115.0,3.0,9.74,6.72
942,1103.0,2.0,6.01,4.01
943,1103.0,1.0,6.22,4.01
944,1105.0,8.0,3.55,2.96
945,1145.0,6.0,29.09,22.38
946,1125.0,8.0,17.8,14.83
947,1135.0,11.0,33.16,31.58
948,1105.0,1.0,4.59,2.96
949,1143.0,8.0,15.8,13.17
950,1114.0,2.0,6.95,4.63
951,1112.0,19.0,5.06,4.82
952,1102.0,6.0,3.35,2.58
953,1119.0,19.0,21.14,20.13
954,1116.0,9.0,16.78,14.59
955,1125.0,3.0,17.8,14.83
956,1113.0,3.0,18.56,12.8
957,1110.0,4.0,12.52,8.94
958,1122.0,9.0,15.15,13.17
959,1135.0,9.0,36.32,31.58
960,1103.0,2.0,6.01,4.01
961,1110.0,3.0,12.96,8.94
962,1103.0,2.0,6.01,4.01
963,1121.0,11.0,10.05,9.57
964,1128.0,14.0,13.9,13.24
965,1121.0,3.0,13.88,9.57
966,1132.0,10.0,14.19,12.9
967,1140.0,3.0,40.54,27.96
968,1100.0,25.0,2.1,2.0
969,1105.0,9.0,3.4,2.96
970,1149.0,1.0,52.08,33.6
971,1132.0,3.0,18.7,12.9
972,1135.0,5.0,42.63,31.58
973,1122.0,10.0,14.49,13.17
974,1113.0,4.0,17.92,12.8
975,1117.0,15.0,14.77,14.07
976,1103.0,9.0,4.61,4.01
977,1132.0,12.0,13.54,12.9
978,1115.0,5.0,9.07,6.72
979,1115.0,6.0,8.74,6.72
980,1124.0,1.0,15.36,9.91
981,1126.0,4.0,11.61,8.29
982,1135.0,1.0,48.95,31.58
983,1140.0,11.0,29.36,27.96
984,1101.0,4.0,3.39,2.42
985,1136.0,9.0,24.66,21.44
986,1129.0,6.0,26.59,20.45
987,1140.0,5.0,37.75,27.96
988,1103.0,2.0,6.01,4.01
989,1120.0,5.0,10.93,8.1
990,1124.0,4.0,13.87,9.91
991,1134.0,17.0,21.18,20.17
992,1129.0,3.0,29.65,20.45
993,1122.0,1.0,20.41,13.17
994,1110.0,10.0,9.83,8.94
995,1121.0,11.0,10.05,9.57
996,1115.0,8.0,8.06,6.72
997,1139.0,11.0,26.25,25.0
998,1142.0,7.0,54.39,43.51
999,1121.0,3.0,13.88,9.57
1000,1126.0,2.0,12.43,8.29
1001,1137.0,17.0,2.21,2.1
1002,1124.0,9.0,11.4,9.91
1003,1132.0,7.0,16.12,12.9
1004,1148.0,1.0,4.63,2.99
1005,1103.0,7.0,5.01,4.01
1006,1105.0,6.0,3.85,2.96
1007,1117.0,1.0,21.81,14.07
1008,1121.0,4.0,13.4,9.57
1009,1124.0,11.0,10.41,9.91
1010,1135.0,7.0,39.47,31.58
1011,1122.0,1.0,20.41,13.17
1012,1124.0,4.0,13.87,9.91
1013,1117.0,13.0,14.77,14.07
1014,1136.0,4.0,30.02,21.44
1015,1140.0,10.0,30.76,27.96
1016,1101.0,3.0,3.51,2.42
1017,1145.0,12.0,23.5,22.38
1018,1101.0,6.0,3.15,2.42
1019,1131.0,19.0,18.01,17.15
1020,1134.0,14.0,21.18,20.17
1021,1138.0,2.0,46.77,31.18
1022,1105.0,2.0,4.44,2.96
1023,1132.0,12.0,13.54,12.9
1024,1126.0,11.0,8.7,8.29
1025,1120.0,8.0,9.72,8.1
1026,1113.0,9.0,14.72,12.8
1027,1100.0,15.0,2.1,2.0
1028,1117.0,7.0,17.59,14.07
1029,1137.0,12.0,2.21,2.1
1030,1138.0,11.0,32.74,31.18
1031,1112.0,8.0,5.78,4.82
1032,1125.0,5.0,17.8,14.83
1033,1122.0,6.0,17.12,13.17
1034,1103.0,3.0,5.81,4.01
1035,1132.0,2.0,19.35,12.9
1036,1149.0,1.0,52.08,33.6
1037,1145.0,12.0,23.5,22.38
1038,1134.0,13.0,21.18,20.17
1039,1137.0,17.0,2.21,2.1
1040,1112.0,1.0,7.47,4.82
1041,1110.0,9.0,10.28,8.94
1042,1100.0,4.0,2.8,2.0
1043,1141.0,3.0,41.69,28.75
1044,1100.0,9.0,2.3,2.0
1045,1104.0,9.0,2.83,2.46
1046,1148.0,18.0,3.14,2.99
1047,1148.0,2.0,4.49,2.99
1048,1109.0,8.0,12.86,10.72
1049,1110.0,8.0,10.73,8.94
1050,1148.0,1.0,4.63,2.99
1051,1117.0,10.0,15.48,14.07
1052,1112.0,17.0,5.06,4.82
1053,1101.0,4.0,3.39,2.42
1054,1140.0,10.0,30.76,27.96
1055,1124.0,6.0,12.88,9.91
1056,1145.0,11.0,23.5,22.38
1057,1105.0,2.0,4.44,2.96
1058,1105.0,2.0,4.44,2.96
1059,1149.0,4.0,47.04,33.6
1060,1140.0,1.0,43.34,27.96
1061,1112.0,17.0,5.06,4.82
1062,1121.0,8.0,11.48,9.57
1063,1129.0,6.0,26.59,20.45
1064,1113.0,10.0,14.08,12.8
1065,1128.0,6.0,17.21,13.24
1066,1132.0,6.0,16.77,12.9
1067,1115.0,6.0,8.74,6.72
1068,1107.0,10.0,3.29,2.99
1069,1135.0,8.0,37.9,31.58
1070,1145.0,9.0,25.74,22.38
1071,1121.0,5.0,12.92,9.57
1072,1107.0,5.0,4.04,2.99
1073,1126.0,4.0,11.61,8.29
1074,1139.0,7.0,31.25,25.0
1075,1121.0,1.0,14.83,9.57
1076,1122.0,8.0,15.8,13.17
1077,1104.0,2.0,3.69,2.46
1078,1118.0,12.0,8.67,8.26
1079,1148.0,12.0,3.14,2.99
1080,1130.0,10.0,31.23,28.39
1081,1137.0,13.0,2.21,2.1
1082,1113.0,8.0,15.36,12.8
1083,1143.0,10.0,14.49,13.17
1084,1128.0,11.0,13.9,13.24
1085,1124.0,3.0,14.37,9.91
1086,1129.0,5.0,27.61,20.45
1087,1140.0,2.0,41.94,27.96
1088,1128.0,12.0,13.9,13.24
1089,1133.0,11.0,17.21,16.39
1090,1134.0,11.0,21.18,20.17
1091,1145.0,12.0,23.5,22.38
1092,1112.0,14.0,5.06,4.82
1093,1134.0,15.0,21.18,20.17
1094,1120.0,7.0,10.12,8.1
1095,1148.0,9.0,3.44,2.99
1096,1137.0,10.0,2.31,2.1
1097,1124.0,12.0,10.41,9.91
1098,1134.0,15.0,21.18,20.17
1099,1117.0,2.0,21.11,14.07
1100,1133.0,4.0,22.95,16.39
1101,1133.0,7.0,20.49,16.39
1102,1138.0,9.0,35.86,31.18
1103,1126.0,1.0,12.85,8.29
1104,1121.0,4.0,13.4,9.57
1105,1116.0,10.0,16.05,14.59
1106,1126.0,1.0,12.85,8.29
1107,1108.0,5.0,3.42,2.53
1108,1130.0,8.0,34.07,28.39
1109,1132.0,11.0,13.54,12.9
1110,1125.0,5.0,17.8,14.83
1111,1139.0,10.0,27.5,25.0
1112,1129.0,9.0,23.52,20.45
1113,1103.0,1.0,6.22,4.01
1114,1140.0,3.0,40.54,27.96
1115,1141.0,5.0,38.81,28.75
1116,1119.0,10.0,22.14,20.13
1117,1121.0,2.0,14.36,9.57
1118,1112.0,16.0,5.06,4.82
1119,1134.0,10.0,22.19,20.17
1120,1145.0,8.0,26.86,22.38
1121,1107.0,3.0,4.34,2.99
1122,1111.0,1.0,8.94,5.77
1123,1120.0,5.0,10.93,8.1
1124,1132.0,5.0,17.41,12.9
1125,1150.0,14.0,2.1,2.0
1126,1128.0,13.0,13.9,13.24
1127,1127.0,1.0,19.55,12.61
1128,1120.0,3.0,11.75,8.1
1129,1125.0,1.0,17.8,14.83
1130,1124.0,9.0,11.4,9.91
1131,1141.0,1.0,44.56,28.75
1132,1122.0,2.0,19.75,13.17
1133,1110.0,6.0,11.62,8.94
1134,1109.0,22.0,11.26,10.72
1135,1118.0,1.0,12.8,8.26
1136,1138.0,1.0,48.33,31.18
1137,1129.0,5.0,27.61,20.45
1138,1115.0,2.0,10.08,6.72
1139,1103.0,7.0,5.01,4.01
1140,1119.0,1.0,31.2,20.13
1141,1135.0,9.0,36.32,31.58
1142,1121.0,3.0,13.88,9.57
1143,1143.0,7.0,16.46,13.17
1144,1137.0,10.0,2.31,2.1
1145,1135.0,3.0,45.79,31.58
1146,1105.0,12.0,3.11,2.96
1147,1149.0,3.0,48.72,33.6
1148,1105.0,7.0,3.7,2.96
1149,1101.0,5.0,3.27,2.42
1150,1138.0,5.0,42.09,31.18
1151,1126.0,7.0,10.36,8.29
1152,1101.0,10.0,2.66,2.42
1153,1113.0,9.0,14.72,12.8
1154,1124.0,9.0,11.4,9.91
1155,1103.0,6.0,5.21,4.01
1156,1138.0,5.0,42.09,31.18
1157,1128.0,14.0,13.9,13.24
1158,1134.0,12.0,21.18,20.17
1159,1149.0,9.0,38.64,33.6
1160,1132.0,8.0,15.48,12.9
1161,1105.0,2.0,4.44,2.96
1162,1104.0,4.0,3.44,2.46
1163,1138.0,13.0,32.74,31.18
1164,1103.0,6.0,5.21,4.01
1165,1136.0,8.0,25.73,21.44
1166,1148.0,5.0,4.04,2.99
1167,1135.0,7.0,39.47,31.58
1168,1124.0,1.0,15.36,9.91
1169,1121.0,7.0,11.96,9.57
1170,1148.0,5.0,4.04,2.99
1171,1103.0,4.0,5.61,4.01
1172,1130.0,5.0,38.33,28.39
1173,1145.0,12.0,23.5,22.38
1174,1115.0,12.0,7.06,6.72
1175,1113.0,10.0,14.08,12.8
1176,1148.0,17.0,3.14,2.99
1177,1126.0,1.0,12.85,8.29
1178,1100.0,14.0,2.1,2.0
1179,1125.0,3.0,17.8,14.83
1180,1119.0,15.0,21.14,20.13
1181,1129.0,1.0,31.7,20.45
1182,1101.0,4.0,3.39,2.42
1183,1137.0,15.0,2.21,2.1
1184,1128.0,4.0,18.54,13.24
1185,1116.0,3.0,21.16,14.59
1186,1147.0,2.0,7.89,5.26
1187,1131.0,13.0,18.01,17.15
1188,1122.0,5.0,17.78,13.17
1189,1112.0,14.0,5.06,4.82
1190,1125.0,4.0,17.8,14.83
1191,1125.0,7.0,17.8,14.83
1192,1126.0,5.0,11.19,8.29
1193,1128.0,20.0,13.9,13.24
1194,1126.0,6.0,10.78,8.29
1195,1134.0,17.0,21.18,20.17
1196,1142.0,6.0,56.56,43.51
1197,1110.0,2.0,13.41,8.94
1198,1135.0,2.0,47.37,31.58
1199,1136.0,7.0,26.8,21.44
1200,1120.0,9.0,9.31,8.1
1201,1128.0,1.0,20.52,13.24
1202,1126.0,10.0,9.12,8.29
1203,1103.0,1.0,6.22,4.01
1204,1128.0,4.0,18.54,13.24
1205,1108.0,6.0,3.29,2.53
1206,1150.0,14.0,2.1,2.0
1207,1140.0,5.0,37.75,27.96
1208,1126.0,7.0,10.36,8.29
1209,1145.0,9.0,25.74,22.38
1210,1132.0,5.0,17.41,12.9
1211,1113.0,6.0,16.64,12.8
1212,1132.0,10.0,14.19,12.9
1213,1115.0,1.0,10.42,6.72
1214,1125.0,4.0,17.8,14.83
1215,1136.0,3.0,31.09,21.44
1216,1101.0,5.0,3.27,2.42
1217,1107.0,7.0,3.74,2.99
1218,1146.0,7.0,32.0,25.6
1219,1143.0,2.0,19.75,13.17
1220,1132.0,8.0,15.48,12.9
1221,1118.0,7.0,10.32,8.26
1222,1112.0,13.0,5.06,4.82
1223,1135.0,7.0,39.47,31.58
1224,1133.0,10.0,18.03,16.39
1225,1146.0,13.0,26.88,25.6
1226,1118.0,7.0,10.32,8.26
1227,1122.0,6.0,17.12,13.17
1228,1120.0,7.0,10.12,8.1
1229,1106.0,2.0,5.67,3.78
1230,1131.0,18.0,18.01,17.15
1231,1128.0,20.0,13.9,13.24
1232,1124.0,12.0,10.41,9.91
1233,1120.0,3.0,11.75,8.1
1234,1128.0,19.0,13.9,13.24
1235,1140.0,11.0,29.36,27.96
1236,1120.0,6.0,10.53,8.1
1237,1123.0,3.0,22.26,15.35
1238,1119.0,10.0,22.14,20.13
1239,1110.0,8.0,10.73,8.94
1240,1128.0,5.0,17.87,13.24
1241,1131.0,6.0,22.29,17.15
1242,1110.0,5.0,12.07,8.94
1243,1140.0,9.0,32.15,27.96
1244,1114.0,2.0,6.95,4.63
1245,1112.0,7.0,6.03,4.82
1246,1113.0,9.0,14.72,12.8
1247,1132.0,6.0,16.77,12.9
1248,1100.0,11.0,2.1,2.0
1249,1111.0,1.0,8.94,5.77
1250,1125.0,4.0,17.8,14.83
1251,1120.0,1.0,12.55,8.1
1252,1140.0,7.0,34.95,27.96
1253,1113.0,9.0,14.72,12.8
1254,1121.0,2.0,14.36,9.57
1255,1133.0,7.0,20.49,16.39
1256,1100.0,20.0,2.1,2.0
1257,1107.0,5.0,4.04,2.99
1258,1125.0,9.0,17.8,14.83
1259,1135.0,4.0,44.21,31.58
1260,1137.0,3.0,3.04,2.1
1261,1143.0,11.0,13.83,13.17
1262,1135.0,10.0,34.74,31.58
1263,1128.0,11.0,13.9,13.24
1264,1146.0,18.0,26.88,25.6
1265,1105.0,12.0,3.11,2.96
1266,1112.0,4.0,6.75,4.82
1267,1148.0,13.0,3.14,2.99
1268,1146.0,12.0,26.88,25.6
1269,1140.0,11.0,29.36,27.96
1270,1122.0,9.0,15.15,13.17
1271,1145.0,12.0,23.5,22.38
1272,1103.0,7.0,5.01,4.01
1273,1140.0,7.0,34.95,27.96
1274,1137.0,17.0,2.21,2.1
1275,1139.0,6.0,32.5,25.0
1276,1145.0,5.0,30.21,22.38
1277,1125.0,8.0,17.8,14.83
1278,1126.0,5.0,11.19,8.29
1279,1147.0,3.0,7.63,5.26
1280,1122.0,1.0,20.41,13.17
1281,1150.0,11.0,2.1,2.0
1282,1105.0,1.0,4.59,2.96
1283,1120.0,6.0,10.53,8.1
1284,1106.0,10.0,4.16,3.78
1285,1108.0,8.0,3.04,2.53
1286,1149.0,3.0,48.72,33.6
1287,1147.0,10.0,5.79,5.26
1288,1149.0,10.0,36.96,33.6
1289,1125.0,9.0,17.8,14.83
1290,1103.0,11.0,4.21,4.01
1291,1128.0,6.0,17.21,13.24
1292,1136.0,3.0,31.09,21.44
1293,1124.0,15.0,10.41,9.91
1294,1110.0,6.0,11.62,8.94
1295,1110.0,5.0,12.07,8.94
1296,1129.0,4.0,28.63,20.45
1297,1123.0,13.0,16.12,15.35
1298,1126.0,1.0,12.85,8.29
1299,1122.0,10.0,14.49,13.17
1300,1108.0,6.0,3.29,2.53
1301,1112.0,16.0,5.06,4.82
1302,1133.0,5.0,22.13,16.39
1303,1141.0,2.0,43.12,28.75
1304,1115.0,5.0,9.07,6.72
1305,1131.0,12.0,18.01,17.15
1306,1110.0,8.0,10.73,8.94
1307,1137.0,2.0,3.15,2.1
1308,1136.0,9.0,24.66,21.44
1309,1125.0,9.0,17.8,14.83
1310,1142.0,8.0,52.21,43.51
1311,1134.0,3.0,29.25,20.17
1312,1128.0,20.0,13.9,13.24
1313,1120.0,10.0,8.91,8.1
1314,1122.0,7.0,16.46,13.17
1315,1144.0,22.0,3.98,3.79
1316,1126.0,6.0,10.78,8.29
1317,1121.0,8.0,11.48,9.57
1318,1144.0,22.0,3.98,3.79
1319,1105.0,7.0,3.7,2.96
1320,1108.0,8.0,3.04,2.53
1321,1111.0,8.0,6.92,5.77
1322,1136.0,9.0,24.66,21.44
1323,1117.0,1.0,21.81,14.07
1324,1125.0,3.0,17.8,14.83
1325,1136.0,2.0,32.16,21.44
1326,1109.0,6.0,13.94,10.72
1327,1148.0,16.0,3.14,2.99
1328,1139.0,4.0,35.0,25.0
1329,1103.0,6.0,5.21,4.01
1330,1104.0,4.0,3.44,2.46
1331,1122.0,7.0,16.46,13.17
1332,1107.0,10.0,3.29,2.99
1333,1132.0,5.0,17.41,12.9
1334,1110.0,3.0,12.96,8.94
1335,1120.0,9.0,9.31,8.1
1336,1140.0,6.0,36.35,27.96
1337,1147.0,1.0,8.15,5.26
1338,1112.0,3.0,6.99,4.82
1339,1124.0,11.0,10.41,9.91
1340,1100.0,22.0,2.1,2.0
1341,1103.0,11.0,4.21,4.01
1342,1147.0,6.0,6.84,5.26
1343,1123.0,4.0,21.49,15.35
1344,1129.0,1.0,31.7,20.45
1345,1134.0,18.0,21.18,20.17
1346,1117.0,1.0,21.81,14.07
1347,1101.0,1.0,3.75,2.42
1348,1108.0,1.0,3.92,2.53
1349,1148.0,9.0,3.44,2.99
1350,1125.0,10.0,17.8,14.83
1351,1114.0,1.0,7.18,4.63
1352,1144.0,15.0,3.98,3.79
1353,1138.0,8.0,37.42,31.18
1354,1148.0,20.0,3.14,2.99
1355,1140.0,10.0,30.76,27.96
1356,1141.0,2.0,43.12,28.75
1357,1122.0,6.0,17.12,13.17
1358,1110.0,11.0,9.39,8.94
1359,1113.0,4.0,17.92,12.8
1360,1124.0,8.0,11.89,9.91
1361,1101.0,3.0,3.51,2.42
1362,1125.0,10.0,17.8,14.83
1363,1133.0,10.0,18.03,16.39
1364,1131.0,2.0,25.72,17.15
1365,1137.0,18.0,2.21,2.1
1366,1121.0,10.0,10.53,9.57
1367,1113.0,9.0,14.72,12.8
1368,1136.0,8.0,25.73,21.44
1369,1103.0,12.0,4.21,4.01
1370,1125.0,7.0,17.8,14.83
1371,1145.0,7.0,27.97,22.38
1372,1112.0,17.0,5.06,4.82
1373,1100.0,30.0,2.1,2.0
1374,1146.0,17.0,26.88,25.6
1375,1129.0,2.0,30.68,20.45
1376,1112.0,15.0,5.06,4.82
1377,1100.0,18.0,2.1,2.0
1378,1126.0,2.0,12.43,8.29
1379,1128.0,7.0,16.55,13.24
1380,1146.0,16.0,26.88,25.6
1381,1125.0,4.0,17.8,14.83
1382,1101.0,9.0,2.78,2.42
1383,1142.0,7.0,54.39,43.51
1384,1137.0,3.0,3.04,2.1
1385,1146.0,17.0,26.88,25.6
1386,1146.0,8.0,30.72,25.6
1387,1118.0,12.0,8.67,8.26
1388,1110.0,9.0,10.28,8.94
1389,1117.0,11.0,14.77,14.07
1390,1117.0,4.0,19.7,14.07
1391,1129.0,6.0,26.59,20.45
1392,1125.0,1.0,17.8,14.83
1393,1113.0,5.0,17.28,12.8
1394,1101.0,3.0,3.51,2.42
1395,1104.0,5.0,3.32,2.46
1396,1134.0,4.0,28.24,20.17
1397,1112.0,19.0,5.06,4.82
1398,1142.0,10.0,47.86,43.51
1399,1122.0,3.0,19.1,13.17
1400,1130.0,8.0,34.07,28.39
1401,1135.0,3.0,45.79,31.58
1402,1126.0,8.0,9.95,8.29
1403,1105.0,2.0,4.44,2.96
1404,1103.0,7.0,5.01,4.01
1405,1132.0,4.0,18.06,12.9
1406,1119.0,23.0,21.14,20.13
1407,1106.0,13.0,3.97,3.78
1408,1148.0,1.0,4.63,2.99
1409,1121.0,13.0,10.05,9.57
1410,1129.0,8.0,24.54,20.45
1411,1125.0,6.0,17.8,14.83
1412,1132.0,10.0,14.19,12.9
1413,1148.0,17.0,3.14,2.99
1414,1110.0,4.0,12.52,8.94
1415,1138.0,5.0,42.09,31.18
1416,1125.0,1.0,17.8,14.83
1417,1128.0,18.0,13.9,13.24
1418,1105.0,12.0,3.11,2.96
1419,1134.0,10.0,22.19,20.17
1420,1135.0,9.0,36.32,31.58
1421,1112.0,5.0,6.51,4.82
1422,1145.0,1.0,34.69,22.38
1423,1141.0,8.0,34.5,28.75
1424,1134.0,17.0,21.18,20.17
1425,1112.0,9.0,5.54,4.82
1426,1108.0,11.0,2.66,2.53
1427,1145.0,10.0,24.62,22.38
1428,1145.0,12.0,23.5,22.38
1429,1134.0,9.0,23.2,20.17
1430,1136.0,10.0,23.58,21.44
1431,1127.0,5.0,17.02,12.61
1432,1128.0,12.0,13.9,13.24
1433,1126.0,4.0,11.61,8.29
1434,1130.0,1.0,44.0,28.39
1435,1115.0,8.0,8.06,6.72
1436,1116.0,5.0,19.7,14.59
1437,1129.0,4.0,28.63,20.45
1438,1113.0,2.0,19.2,12.8
1439,1146.0,11.0,26.88,25.6
1440,1115.0,1.0,10.42,6.72
1441,1101.0,7.0,3.02,2.42
1442,1142.0,1.0,67.44,43.51
1443,1101.0,6.0,3.15,2.42
1444,1131.0,8.0,20.58,17.15
1445,1122.0,3.0,19.1,13.17
1446,1112.0,18.0,5.06,4.82
1447,1112.0,11.0,5.06,4.82
1448,1112.0,5.0,6.51,4.82
1449,1122.0,8.0,15.8,13.17
1450,1139.0,3.0,36.25,25.0
1451,1129.0,8.0,24.54,20.45
1452,1121.0,13.0,10.05,9.57
1453,1107.0,3.0,4.34,2.99
1454,1125.0,4.0,17.8,14.83
1455,1134.0,24.0,21.18,20.17
1456,1150.0,10.0,2.2,2.0
1457,1100.0,12.0,2.1,2.0
1458,1126.0,3.0,12.02,8.29
1459,1141.0,9.0,33.06,28.75
1460,1129.0,2.0,30.68,20.45
1461,1141.0,1.0,44.56,28.75
1462,1145.0,7.0,27.97,22.38
1463,1126.0,5.0,11.19,8.29
1464,1138.0,6.0,40.53,31.18
1465,1113.0,11.0,13.44,12.8
1466,1150.0,12.0,2.1,2.0
1467,1126.0,6.0,10.78,8.29
1468,1120.0,9.0,9.31,8.1
1469,1122.0,5.0,17.78,13.17
1470,1142.0,8.0,52.21,43.51
1471,1132.0,1.0,20.0,12.9
1472,1121.0,11.0,10.05,9.57
1473,1126.0,2.0,12.43,8.29
1474,1141.0,3.0,41.69,28.75
1475,1137.0,18.0,2.21,2.1
1476,1141.0,1.0,44.56,28.75
1477,1124.0,5.0,13.38,9.91
1478,1125.0,3.0,17.8,14.83
1479,1120.0,2.0,12.15,8.1
1480,1118.0,7.0,10.32,8.26
1481,1101.0,7.0,3.02,2.42
1482,1123.0,6.0,19.95,15.35
1483,1140.0,11.0,29.36,27.96
1484,1122.0,10.0,14.49,13.17
1485,1147.0,26.0,5.52,5.26
1486,1100.0,16.0,2.1,2.0
1487,1113.0,9.0,14.72,12.8
1488,1137.0,18.0,2.21,2.1
1489,1124.0,11.0,10.41,9.91
1490,1110.0,8.0,10.73,8.94
1491,1125.0,7.0,17.8,14.83
1492,1113.0,2.0,19.2,12.8
1493,1115.0,7.0,8.4,6.72
1494,1129.0,6.0,26.59,20.45
1495,1118.0,9.0,9.5,8.26
1496,1135.0,5.0,42.63,31.58
1497,1103.0,3.0,5.81,4.01
1498,1125.0,2.0,17.8,14.83
1499,1139.0,11.0,26.25,25.0
1500,1149.0,7.0,42.0,33.6
1501,1139.0,11.0,26.25,25.0
1502,1122.0,3.0,19.1,13.17
1503,1149.0,11.0,35.28,33.6
1504,1137.0,5.0,2.83,2.1
1505,1124.0,4.0,13.87,9.91
1506,1139.0,5.0,33.75,25.0
1507,1126.0,1.0,12.85,8.29
1508,1129.0,9.0,23.52,20.45
1509,1117.0,8.0,16.88,14.07
1510,1113.0,11.0,13.44,12.8
1511,1117.0,16.0,14.77,14.07
1512,1121.0,14.0,10.05,9.57
1513,1148.0,6.0,3.89,2.99
1514,1125.0,5.0,17.8,14.83
1515,1127.0,15.0,13.24,12.61
1516,1120.0,6.0,10.53,8.1
1517,1112.0,11.0,5.06,4.82
1518,1112.0,7.0,6.03,4.82
1519,1119.0,23.0,21.14,20.13
1520,1145.0,12.0,23.5,22.38
1521,1141.0,2.0,43.12,28.75
1522,1131.0,13.0,18.01,17.15
1523,1107.0,1.0,4.63,2.99
1524,1122.0,7.0,16.46,13.17
1525,1150.0,20.0,2.1,2.0
1526,1132.0,1.0,20.0,12.9
1527,1114.0,4.0,6.48,4.63
1528,1125.0,2.0,17.8,14.83
1529,1112.0,8.0,5.78,4.82
1530,1110.0,1.0,13.86,8.94
1531,1120.0,5.0,10.93,8.1
1532,1104.0,1.0,3.81,2.46
1533,1131.0,20.0,18.01,17.15
1534,1125.0,4.0,17.8,14.83
1535,1116.0,1.0,22.61,14.59
1536,1150.0,20.0,2.1,2.0
1537,1140.0,4.0,39.14,27.96
1538,1121.0,4.0,13.4,9.57
1539,1115.0,6.0,8.74,6.72
1540,1134.0,11.0,21.18,20.17
1541,1113.0,9.0,14.72,12.8
1542,1110.0,4.0,12.52,8.94
1543,1138.0,16.0,32.74,31.18
1544,1107.0,6.0,3.89,2.99
1545,1134.0,11.0,21.18,20.17
1546,1100.0,24.0,2.1,2.0
1547,1100.0,30.0,2.1,2.0
1548,1126.0,4.0,11.61,8.29
1549,1113.0,1.0,19.84,12.8
1550,1105.0,4.0,4.14,2.96
1551,1133.0,2.0,24.59,16.39
1552,1138.0,5.0,42.09,31.18
1553,1127.0,13.0,13.24,12.61
1554,1123.0,7.0,19.19,15.35
1555,1112.0,2.0,7.23,4.82
1556,1129.0,3.0,29.65,20.45
1557,1127.0,5.0,17.02,12.61
1558,1129.0,8.0,24.54,20.45
1559,1132.0,9.0,14.84,12.9
1560,1129.0,5.0,27.61,20.45
1561,1128.0,19.0,13.9,13.24
1562,1107.0,2.0,4.49,2.99
1563,1117.0,8.0,16.88,14.07
1564,1120.0,6.0,10.53,8.1
1565,1143.0,2.0,19.75,13.17
1566,1148.0,20.0,3.14,2.99
1567,1100.0,8.0,2.4,2.0
1568,1119.0,6.0,26.17,20.13
1569,1110.0,2.0,13.41,8.94
1570,1121.0,10.0,10.53,9.57
1571,1136.0,7.0,26.8,21.44
1572,1134.0,17.0,21.18,20.17
1573,1142.0,10.0,47.86,43.51
1574,1148.0,7.0,3.74,2.99
1575,1114.0,11.0,4.86,4.63
1576,1103.0,5.0,5.41,4.01
1577,1120.0,10.0,8.91,8.1
1578,1143.0,3.0,19.1,13.17
1579,1122.0,7.0,16.46,13.17
1580,1134.0,9.0,23.2,20.17
1581,1119.0,3.0,29.19,20.13
1582,1122.0,1.0,20.41,13.17
1583,1141.0,11.0,30.19,28.75
1584,1127.0,6.0,16.39,12.61
1585,1139.0,9.0,28.75,25.0
1586,1149.0,4.0,47.04,33.6
1587,1112.0,3.0,6.99,4.82
1588,1122.0,7.0,16.46,13.17
1589,1121.0,4.0,13.4,9.57
1590,1128.0,15.0,13.9,13.24
1591,1138.0,12.0,32.74,31.18
1592,1148.0,15.0,3.14,2.99
1593,1110.0,5.0,12.07,8.94
1594,1121.0,7.0,11.96,9.57
1595,1126.0,4.0,11.61,8.29
1596,1115.0,6.0,8.74,6.72
1597,1122.0,2.0,19.75,13.17
1598,1112.0,5.0,6.51,4.82
1599,1116.0,13.0,15.32,14.59
1600,1136.0,1.0,33.23,21.44
1601,1110.0,6.0,11.62,8.94
1602,1148.0,7.0,3.74,2.99
1603,1113.0,3.0,18.56,12.8
1604,1109.0,8.0,12.86,10.72
1605,1101.0,9.0,2.78,2.42
1606,1106.0,4.0,5.29,3.78
1607,1120.0,10.0,8.91,8.1
1608,1146.0,5.0,34.56,25.6
1609,1140.0,6.0,36.35,27.96
1610,1121.0,3.0,13.88,9.57
1611,1146.0,12.0,26.88,25.6
1612,1132.0,12.0,13.54,12.9
1613,1137.0,14.0,2.21,2.1
1614,1133.0,7.0,20.49,16.39
1615,1123.0,10.0,16.88,15.35
1616,1147.0,21.0,5.52,5.26
1617,1129.0,9.0,23.52,20.45
1618,1121.0,10.0,10.53,9.57
1619,1146.0,17.0,26.88,25.6
1620,1126.0,7.0,10.36,8.29
1621,1109.0,15.0,11.26,10.72
1622,1129.0,6.0,26.59,20.45
1623,1108.0,1.0,3.92,2.53
1624,1133.0,5.0,22.13,16.39
1625,1137.0,10.0,2.31,2.1
1626,1123.0,13.0,16.12,15.35
1627,1132.0,2.0,19.35,12.9
1628,1133.0,9.0,18.85,16.39
1629,1139.0,1.0,38.75,25.0
1630,1100.0,8.0,2.4,2.0
1631,1101.0,5.0,3.27,2.42
1632,1122.0,10.0,14.49,13.17
1633,1111.0,12.0,6.06,5.77
1634,1127.0,2.0,18.91,12.61
1635,1146.0,4.0,35.84,25.6
1636,1110.0,7.0,11.17,8.94
1637,1148.0,13.0,3.14,2.99
1638,1140.0,11.0,29.36,27.96
1639,1128.0,18.0,13.9,13.24
1640,1119.0,21.0,21.14,20.13
1641,1137.0,21.0,2.21,2.1
1642,1128.0,15.0,13.9,13.24
1643,1132.0,8.0,15.48,12.9
1644,1110.0,10.0,9.83,8.94
1645,1132.0,6.0,16.77,12.9
1646,1134.0,10.0,22.19,20.17
1647,1136.0,4.0,30.02,21.44
1648,1141.0,10.0,31.62,28.75
1649,1102.0,3.0,3.74,2.58
1650,1138.0,4.0,43.65,31.18
1651,1101.0,9.0,2.78,2.42
1652,1129.0,9.0,23.52,20.45
1653,1140.0,10.0,30.76,27.96
1654,1101.0,7.0,3.02,2.42
1655,1100.0,22.0,2.1,2.0
1656,1129.0,7.0,25.56,20.45
1657,1129.0,4.0,28.63,20.45
1658,1122.0,7.0,16.46,13.17
1659,1126.0,11.0,8.7,8.29
1660,1132.0,6.0,16.77,12.9
1661,1112.0,12.0,5.06,4.82
1662,1128.0,16.0,13.9,13.24
1663,1113.0,1.0,19.84,12.8
1664,1128.0,6.0,17.21,13.24
1665,1143.0,1.0,20.41,13.17
1666,1140.0,7.0,34.95,27.96
1667,1126.0,2.0,12.43,8.29
1668,1129.0,7.0,25.56,20.45
1669,1122.0,2.0,19.75,13.17
1670,1126.0,10.0,9.12,8.29
1671,1100.0,4.0,2.8,2.0
1672,1150.0,9.0,2.3,2.0
1673,1105.0,2.0,4.44,2.96
1674,1143.0,4.0,18.44,13.17
1675,1142.0,3.0,63.09,43.51
1676,1125.0,9.0,17.8,14.83
1677,1135.0,6.0,41.05,31.58
1678,1107.0,8.0,3.59,2.99
1679,1119.0,14.0,21.14,20.13
1680,1125.0,1.0,17.8,14.83
1681,1148.0,2.0,4.49,2.99
1682,1129.0,7.0,25.56,20.45
1683,1135.0,3.0,45.79,31.58
1684,1145.0,1.0,34.69,22.38
1685,1134.0,17.0,21.18,20.17
1686,1137.0,6.0,2.73,2.1
1687,1111.0,8.0,6.92,5.77
1688,1132.0,12.0,13.54,12.9
1689,1120.0,1.0,12.55,8.1
1690,1113.0,6.0,16.64,12.8
1691,1146.0,5.0,34.56,25.6
1692,1107.0,4.0,4.19,2.99
1693,1115.0,5.0,9.07,6.72
1694,1103.0,7.0,5.01,4.01
1695,1131.0,5.0,23.15,17.15
1696,1124.0,7.0,12.39,9.91
1697,1138.0,3.0,45.21,31.18
1698,1125.0,8.0,17.8,14.83
1699,1131.0,9.0,19.72,17.15
1700,1132.0,5.0,17.41,12.9
1701,1147.0,10.0,5.79,5.26
1702,1148.0,20.0,3.14,2.99
1703,1113.0,4.0,17.92,12.8
1704,1124.0,2.0,14.87,9.91
1705,1100.0,19.0,2.1,2.0
1706,1129.0,4.0,28.63,20.45
1707,1134.0,5.0,27.23,20.17
1708,1132.0,10.0,14.19,12.9
1709,1125.0,10.0,17.8,14.83
1710,1110.0,1.0,13.86,8.94
1711,1135.0,9.0,36.32,31.58
1712,1100.0,27.0,2.1,2.0
1713,1142.0,3.0,63.09,43.51
1714,1148.0,11.0,3.14,2.99
1715,1135.0,2.0,47.37,31.58
1716,1120.0,8.0,9.72,8.1
1717,1129.0,7.0,25.56,20.45
1718,1113.0,5.0,17.28,12.8
1719,1117.0,6.0,18.29,14.07
1720,1119.0,5.0,27.18,20.13
1721,1105.0,5.0,4.0,2.96
1722,1128.0,17.0,13.9,13.24
1723,1113.0,8.0,15.36,12.8
1724,1103.0,12.0,4.21,4.01
1725,1112.0,12.0,5.06,4.82
1726,1122.0,2.0,19.75,13.17
1727,1103.0,12.0,4.21,4.01
1728,1136.0,3.0,31.09,21.44
1729,1132.0,2.0,19.35,12.9
1730,1145.0,10.0,24.62,22.38
1731,1130.0,9.0,32.65,28.39
1732,1121.0,2.0,14.36,9.57
1733,1145.0,7.0,27.97,22.38
1734,1101.0,9.0,2.78,2.42
1735,1128.0,2.0,19.86,13.24
1736,1148.0,14.0,3.14,2.99
1737,1125.0,8.0,17.8,14.83
1738,1143.0,12.0,13.83,13.17
1739,1146.0,7.0,32.0,25.6
1740,1103.0,8.0,4.81,4.01
1741,1136.0,10.0,23.58,21.44
1742,1115.0,11.0,7.06,6.72
1743,1103.0,6.0,5.21,4.01
1744,1115.0,4.0,9.41,6.72
1745,1129.0,5.0,27.61,20.45
1746,1132.0,5.0,17.41,12.9
1747,1112.0,5.0,6.51,4.82
1748,1140.0,7.0,34.95,27.96
1749,1105.0,5.0,4.0,2.96
1750,1148.0,11.0,3.14,2.99
1751,1115.0,9.0,7.73,6.72
1752,1112.0,17.0,5.06,4.82
1753,1101.0,11.0,2.54,2.42
1754,1139.0,12.0,26.25,25.0
1755,1145.0,6.0,29.09,22.38
1756,1103.0,9.0,4.61,4.01
1757,1117.0,7.0,17.59,14.07
1758,1122.0,2.0,19.75,13.17
1759,1120.0,4.0,11.34,8.1
1760,1103.0,11.0,4.21,4.01
1761,1145.0,10.0,24.62,22.38
1762,1132.0,2.0,19.35,12.9
1763,1141.0,7.0,35.94,28.75
1764,1118.0,7.0,10.32,8.26
1765,1112.0,5.0,6.51,4.82
1766,1140.0,3.0,40.54,27.96
1767,1125.0,9.0,17.8,14.83
1768,1103.0,6.0,5.21,4.01
1769,1100.0,28.0,2.1,2.0
1770,1128.0,10.0,14.56,13.24
1771,1125.0,5.0,17.8,14.83
1772,1136.0,6.0,27.87,21.44
1773,1125.0,4.0,17.8,14.83
1774,1129.0,4.0,28.63,20.45
1775,1115.0,6.0,8.74,6.72
1776,1125.0,10.0,17.8,14.83
1777,1110.0,6.0,11.62,8.94
1778,1114.0,4.0,6.48,4.63
1779,1146.0,12.0,26.88,25.6
1780,1141.0,9.0,33.06,28.75
1781,1104.0,1.0,3.81,2.46
1782,1132.0,6.0,16.77,12.9
1783,1104.0,11.0,2.58,2.46
1784,1141.0,12.0,30.19,28.75
1785,1123.0,6.0,19.95,15.35
1786,1138.0,12.0,32.74,31.18
1787,1138.0,1.0,48.33,31.18
1788,1130.0,19.0,29.81,28.39
1789,1101.0,9.0,2.78,2.42
1790,1129.0,3.0,29.65,20.45
1791,1105.0,7.0,3.7,2.96
1792,1103.0,7.0,5.01,4.01
1793,1120.0,4.0,11.34,8.1
1794,1136.0,8.0,25.73,21.44
1795,1131.0,12.0,18.01,17.15
1796,1120.0,4.0,11.34,8.1
1797,1112.0,4.0,6.75,4.82
1798,1100.0,7.0,2.5,2.0
1799,1118.0,12.0,8.67,8.26
1800,1145.0,2.0,33.57,22.38
1801,1139.0,12.0,26.25,25.0
1802,1135.0,2.0,47.37,31.58
1803,1142.0,7.0,54.39,43.51
1804,1137.0,15.0,2.21,2.1
1805,1105.0,2.0,4.44,2.96
1806,1141.0,10.0,31.62,28.75
1807,1126.0,7.0,10.36,8.29
1808,1138.0,6.0,40.53,31.18
1809,1134.0,5.0,27.23,20.17
1810,1117.0,16.0,14.77,14.07
1811,1120.0,6.0,10.53,8.1
1812,1115.0,12.0,7.06,6.72
1813,1137.0,5.0,2.83,2.1
1814,1140.0,10.0,30.76,27.96
1815,1130.0,6.0,36.91,28.39
1816,1117.0,2.0,21.11,14.07
1817,1128.0,6.0,17.21,13.24
1818,1136.0,2.0,32.16,21.44
1819,1148.0,4.0,4.19,2.99
1820,1105.0,9.0,3.4,2.96
1821,1119.0,16.0,21.14,20.13
1822,1117.0,8.0,16.88,14.07
1823,1112.0,4.0,6.75,4.82
1824,1132.0,9.0,14.84,12.9
1825,1122.0,10.0,14.49,13.17
1826,1115.0,2.0,10.08,6.72
1827,1135.0,9.0,36.32,31.58
1828,1140.0,10.0,30.76,27.96
1829,1144.0,11.0,3.98,3.79
1830,1117.0,1.0,21.81,14.07
1831,1114.0,11.0,4.86,4.63
1832,1128.0,4.0,18.54,13.24
1833,1110.0,2.0,13.41,8.94
1834,1104.0,6.0,3.2,2.46
1835,1136.0,1.0,33.23,21.44
1836,1105.0,5.0,4.0,2.96
1837,1132.0,4.0,18.06,12.9
1838,1112.0,15.0,5.06,4.82
1839,1149.0,7.0,42.0,33.6
1840,1100.0,27.0,2.1,2.0
1841,1105.0,10.0,3.26,2.96
1842,1120.0,7.0,10.12,8.1
1843,1101.0,3.0,3.51,2.42
1844,1109.0,12.0,11.26,10.72
1845,1119.0,14.0,21.14,20.13
1846,1128.0,11.0,13.9,13.24
1847,1134.0,17.0,21.18,20.17
1848,1129.0,9.0,23.52,20.45
1849,1114.0,4.0,6.48,4.63
1850,1101.0,8.0,2.9,2.42
1851,1122.0,7.0,16.46,13.17
1852,1103.0,9.0,4.61,4.01
1853,1134.0,16.0,21.18,20.17
1854,1140.0,10.0,30.76,27.96
1855,1126.0,7.0,10.36,8.29
1856,1128.0,14.0,13.9,13.24
1857,1101.0,5.0,3.27,2.42
1858,1129.0,5.0,27.61,20.45
1859,1126.0,4.0,11.61,8.29
1860,1125.0,6.0,17.8,14.83
1861,1122.0,7.0,16.46,13.17
1862,1128.0,18.0,13.9,13.24
1863,1117.0,10.0,15.48,14.07
1864,1143.0,1.0,20.41,13.17
1865,1144.0,8.0,4.55,3.79
1866,1134.0,5.0,27.23,20.17
1867,1137.0,13.0,2.21,2.1
1868,1148.0,15.0,3.14,2.99
1869,1142.0,7.0,54.39,43.51
1870,1146.0,11.0,26.88,25.6
1871,1124.0,7.0,12.39,9.91
1872,1114.0,4.0,6.48,4.63
1873,1124.0,14.0,10.41,9.91
1874,1110.0,11.0,9.39,8.94
1875,1110.0,8.0,10.73,8.94
1876,1103.0,5.0,5.41,4.01
1877,1149.0,2.0,50.4,33.6
1878,1128.0,6.0,17.21,13.24
1879,1110.0,5.0,12.07,8.94
1880,1104.0,1.0,3.81,2.46
1881,1128.0,15.0,13.9,13.24
1882,1149.0,8.0,40.32,33.6
1883,1137.0,2.0,3.15,2.1
1884,1125.0,1.0,17.8,14.83
1885,1103.0,11.0,4.21,4.01
1886,1109.0,18.0,11.26,10.72
1887,1101.0,9.0,2.78,2.42
1888,1124.0,3.0,14.37,9.91
1889,1115.0,7.0,8.4,6.72
1890,1124.0,6.0,12.88,9.91
1891,1148.0,1.0,4.63,2.99
1892,1122.0,2.0,19.75,13.17
1893,1144.0,2.0,5.69,3.79
1894,1127.0,3.0,18.28,12.61
1895,1107.0,6.0,3.89,2.99
1896,1122.0,7.0,16.46,13.17
1897,1105.0,3.0,4.29,2.96
1898,1119.0,24.0,21.14,20.13
1899,1137.0,13.0,2.21,2.1
1900,1140.0,8.0,33.55,27.96
1901,1129.0,7.0,25.56,20.45
1902,1150.0,4.0,2.8,2.0
1903,1112.0,1.0,7.47,4.82
1904,1121.0,4.0,13.4,9.57
1905,1128.0,7.0,16.55,13.24
1906,1137.0,2.0,3.15,2.1
1907,1120.0,7.0,10.12,8.1
1908,1115.0,7.0,8.4,6.72
1909,1117.0,14.0,14.77,14.07
1910,1135.0,8.0,37.9,31.58
1911,1140.0,5.0,37.75,27.96
1912,1132.0,12.0,13.54,12.9
1913,1117.0,14.0,14.77,14.07
1914,1100.0,5.0,2.7,2.0
1915,1105.0,12.0,3.11,2.96
1916,1125.0,10.0,17.8,14.83
1917,1131.0,15.0,18.01,17.15
1918,1137.0,1.0,3.25,2.1
1919,1116.0,10.0,16.05,14.59
1920,1103.0,10.0,4.41,4.01
1921,1140.0,3.0,40.54,27.96
1922,1140.0,6.0,36.35,27.96
1923,1122.0,6.0,17.12,13.17
1924,1122.0,7.0,16.46,13.17
1925,1129.0,8.0,24.54,20.45
1926,1146.0,5.0,34.56,25.6
1927,1128.0,13.0,13.9,13.24
1928,1148.0,12.0,3.14,2.99
1929,1132.0,7.0,16.12,12.9
1930,1106.0,12.0,3.97,3.78
1931,1124.0,3.0,14.37,9.91
1932,1128.0,4.0,18.54,13.24
1933,1101.0,7.0,3.02,2.42
1934,1117.0,5.0,18.99,14.07
1935,1128.0,15.0,13.9,13.24
1936,1106.0,12.0,3.97,3.78
1937,1140.0,7.0,34.95,27.96
1938,1125.0,6.0,17.8,14.83
1939,1131.0,10.0,18.86,17.15
1940,1122.0,9.0,15.15,13.17
1941,1123.0,4.0,21.49,15.35
1942,1113.0,4.0,17.92,12.8
1943,1121.0,8.0,11.48,9.57
1944,1100.0,18.0,2.1,2.0
1945,1114.0,1.0,7.18,4.63
1946,1149.0,10.0,36.96,33.6
1947,1111.0,11.0,6.06,5.77
1948,1150.0,11.0,2.1,2.0
1949,1122.0,8.0,15.8,13.17
1950,1140.0,5.0,37.75,27.96
1951,1110.0,11.0,9.39,8.94
1952,1114.0,7.0,5.79,4.63
1953,1128.0,5.0,17.87,13.24
1954,1138.0,11.0,32.74,31.18
1955,1148.0,15.0,3.14,2.99
1956,1120.0,10.0,8.91,8.1
1957,1110.0,6.0,11.62,8.94
1958,1112.0,5.0,6.51,4.82
1959,1139.0,4.0,35.0,25.0
1960,1124.0,6.0,12.88,9.91
1961,1143.0,2.0,19.75,13.17
1962,1110.0,7.0,11.17,8.94
1963,1118.0,1.0,12.8,8.26
1964,1134.0,23.0,21.18,20.17
1965,1123.0,8.0,18.42,15.35
1966,1113.0,4.0,17.92,12.8
1967,1119.0,3.0,29.19,20.13
1968,1123.0,3.0,22.26,15.35
1969,1142.0,8.0,52.21,43.51
1970,1117.0,15.0,14.77,14.07
1971,1112.0,9.0,5.54,4.82
1972,1112.0,7.0,6.03,4.82
1973,1137.0,2.0,3.15,2.1
1974,1124.0,5.0,13.38,9.91
1975,1145.0,11.0,23.5,22.38
1976,1113.0,10.0,14.08,12.8
1977,1126.0,6.0,10.78,8.29
1978,1141.0,9.0,33.06,28.75
1979,1117.0,2.0,21.11,14.07
1980,1103.0,3.0,5.81,4.01
1981,1138.0,6.0,40.53,31.18
1982,1142.0,1.0,67.44,43.51
1983,1103.0,6.0,5.21,4.01
1984,1129.0,8.0,24.54,20.45
1985,1135.0,10.0,34.74,31.58
1986,1141.0,2.0,43.12,28.75
1987,1131.0,2.0,25.72,17.15
1988,1115.0,5.0,9.07,6.72
1989,1110.0,10.0,9.83,8.94
1990,1125.0,2.0,17.8,14.83
1991,1145.0,1.0,34.69,22.38
1992,1110.0,2.0,13.41,8.94
1993,1110.0,11.0,9.39,8.94
1994,1123.0,7.0,19.19,15.35
1995,1115.0,10.0,7.39,6.72
1996,1138.0,5.0,42.09,31.18
1997,1117.0,5.0,18.99,14.07
1998,1121.0,4.0,13.4,9.57
1999,1116.0,4.0,20.43,14.59
2000,1144.0,21.0,3.98,3.79
2001,1135.0,4.0,44.21,31.58
2002,1132.0,4.0,18.06,12.9
2003,1117.0,10.0,15.48,14.07
2004,1140.0,4.0,39.14,27.96
2005,1136.0,9.0,24.66,21.44
2006,1100.0,4.0,2.8,2.0
2007,1133.0,11.0,17.21,16.39
2008,1133.0,11.0,17.21,16.39
2009,1121.0,10.0,10.53,9.57
2010,1140.0,8.0,33.55,27.96
2011,1124.0,13.0,10.41,9.91
2012,1128.0,10.0,14.56,13.24
2013,1123.0,4.0,21.49,15.35
2014,1105.0,6.0,3.85,2.96
2015,1103.0,8.0,4.81,4.01
2016,1108.0,2.0,3.79,2.53
2017,1126.0,1.0,12.85,8.29
2018,1128.0,12.0,13.9,13.24
2019,1101.0,4.0,3.39,2.42
2020,1122.0,8.0,15.8,13.17
2021,1113.0,5.0,17.28,12.8
2022,1134.0,1.0,31.26,20.17
2023,1102.0,12.0,2.71,2.58
2024,1115.0,11.0,7.06,6.72
2025,1128.0,8.0,15.89,13.24
2026,1103.0,11.0,4.21,4.01
2027,1103.0,8.0,4.81,4.01
2028,1140.0,7.0,34.95,27.96
2029,1133.0,9.0,18.85,16.39
2030,1138.0,11.0,32.74,31.18
2031,1145.0,2.0,33.57,22.38
2032,1138.0,15.0,32.74,31.18
2033,1120.0,5.0,10.93,8.1
2034,1105.0,5.0,4.0,2.96
2035,1128.0,12.0,13.9,13.24
2036,1122.0,1.0,20.41,13.17
2037,1129.0,9.0,23.52,20.45
2038,1122.0,10.0,14.49,13.17
2039,1110.0,11.0,9.39,8.94
2040,1148.0,10.0,3.29,2.99
2041,1145.0,11.0,23.5,22.38
2042,1101.0,3.0,3.51,2.42
2043,1137.0,7.0,2.62,2.1
2044,1113.0,11.0,13.44,12.8
2045,1129.0,7.0,25.56,20.45
2046,1131.0,2.0,25.72,17.15
2047,1103.0,5.0,5.41,4.01
2048,1110.0,6.0,11.62,8.94
2049,1135.0,9.0,36.32,31.58
2050,1115.0,1.0,10.42,6.72
2051,1112.0,16.0,5.06,4.82
2052,1101.0,11.0,2.54,2.42
2053,1138.0,4.0,43.65,31.18
2054,1136.0,5.0,28.94,21.44
2055,1125.0,10.0,17.8,14.83
2056,1143.0,14.0,13.83,13.17
2057,1130.0,9.0,32.65,28.39
2058,1120.0,7.0,10.12,8.1
2059,1120.0,2.0,12.15,8.1
2060,1113.0,9.0,14.72,12.8
2061,1132.0,1.0,20.0,12.9
2062,1125.0,10.0,17.8,14.83
2063,1112.0,11.0,5.06,4.82
2064,1146.0,12.0,26.88,25.6
2065,1100.0,13.0,2.1,2.0
2066,1124.0,7.0,12.39,9.91
2067,1101.0,4.0,3.39,2.42
2068,1136.0,5.0,28.94,21.44
2069,1131.0,6.0,22.29,17.15
2070,1102.0,7.0,3.23,2.58
2071,1140.0,1.0,43.34,27.96
2072,1127.0,8.0,15.13,12.61
2073,1126.0,9.0,9.53,8.29
2074,1100.0,7.0,2.5,2.0
2075,1146.0,4.0,35.84,25.6
2076,1122.0,4.0,18.44,13.17
2077,1134.0,4.0,28.24,20.17
2078,1147.0,18.0,5.52,5.26
2079,1146.0,18.0,26.88,25.6
2080,1101.0,7.0,3.02,2.42
2081,1147.0,8.0,6.31,5.26
2082,1147.0,24.0,5.52,5.26
2083,1131.0,16.0,18.01,17.15
2084,1119.0,18493899.0,23.15,20.13
2085,1120.0,6.0,10.53,8.1
2086,1113.0,7.0,16.0,12.8
2087,1129.0,10.0,22.49,20.45
2088,1128.0,6.0,17.21,13.24
2089,1126.0,10.0,9.12,8.29
2090,1120.0,3.0,11.75,8.1
2091,1138.0,10.0,34.3,31.18
2092,1131.0,20.0,18.01,17.15
2093,1128.0,4.0,18.54,13.24
2094,1129.0,9.0,23.52,20.45
2095,1129.0,7.0,25.56,20.45
2096,1112.0,13.0,5.06,4.82
2097,1128.0,4.0,18.54,13.24
2098,1140.0,4.0,39.14,27.96
2099,1130.0,6.0,36.91,28.39
2100,1140.0,8.0,33.55,27.96
2101,1131.0,20.0,18.01,17.15
2102,1114.0,3.0,6.71,4.63
2103,1101.0,11.0,2.54,2.42
2104,1109.0,10.0,11.79,10.72
2105,1112.0,6.0,6.27,4.82
2106,1122.0,4.0,18.44,13.17
2107,1103.0,4.0,5.61,4.01
2108,1103.0,6.0,5.21,4.01
2109,1108.0,3.0,3.67,2.53
2110,1124.0,9.0,11.4,9.91
2111,1124.0,13.0,10.41,9.91
2112,1101.0,3.0,3.51,2.42
2113,1109.0,1.0,16.62,10.72
2114,1136.0,5.0,28.94,21.44
2115,1134.0,4.0,28.24,20.17
2116,1122.0,4.0,18.44,13.17
2117,1134.0,22.0,21.18,20.17
2118,1137.0,18.0,2.21,2.1
2119,1141.0,7.0,35.94,28.75
2120,1127.0,7.0,15.76,12.61
2121,1143.0,4.0,18.44,13.17
2122,1146.0,1.0,39.68,25.6
2123,1139.0,8.0,30.0,25.0
2124,1145.0,3.0,32.45,22.38
2125,1103.0,12.0,4.21,4.01
2126,1138.0,1.0,48.33,31.18
2127,1122.0,10.0,14.49,13.17
2128,1149.0,3.0,48.72,33.6
2129,1119.0,24.0,21.14,20.13
2130,1126.0,10.0,9.12,8.29
2131,1141.0,2.0,43.12,28.75
2132,1126.0,2.0,12.43,8.29
2133,1142.0,8.0,52.21,43.51
2134,1110.0,3.0,12.96,8.94
2135,1128.0,18.0,13.9,13.24
2136,1134.0,17.0,21.18,20.17
2137,1131.0,19.0,18.01,17.15
2138,1138.0,9.0,35.86,31.18
2139,1112.0,14.0,5.06,4.82
2140,1106.0,6.0,4.91,3.78
2141,1119.0,9.0,23.15,20.13
2142,1138.0,3.0,45.21,31.18
2143,1129.0,9.0,23.52,20.45
2144,1115.0,6.0,8.74,6.72
2145,1128.0,2.0,19.86,13.24
2146,1115.0,3.0,9.74,6.72
2147,1129.0,1.0,31.7,20.45
2148,1126.0,2.0,12.43,8.29
2149,1132.0,9.0,14.84,12.9
2150,1136.0,8.0,25.73,21.44
2151,1112.0,2.0,7.23,4.82
2152,1148.0,18.0,3.14,2.99
2153,1116.0,1.0,22.61,14.59
2154,1140.0,9.0,32.15,27.96
2155,1148.0,16.0,3.14,2.99
2156,1105.0,11.0,3.11,2.96
2157,1112.0,19.0,5.06,4.82
2158,1115.0,4.0,9.41,6.72
2159,1132.0,3.0,18.7,12.9
2160,1126.0,4.0,11.61,8.29
2161,1145.0,4.0,31.33,22.38
2162,1126.0,3.0,12.02,8.29
2163,1146.0,15.0,26.88,25.6
2164,1120.0,10.0,8.91,8.1
2165,1120.0,1.0,12.55,8.1
2166,1133.0,7.0,20.49,16.39
2167,1123.0,3.0,22.26,15.35
2168,1144.0,22.0,3.98,3.79
2169,1139.0,1.0,38.75,25.0
2170,1137.0,7.0,2.62,2.1
2171,1120.0,8.0,9.72,8.1
2172,1138.0,12.0,32.74,31.18
2173,1146.0,14.0,26.88,25.6
2174,1116.0,7.0,18.24,14.59
2175,1120.0,8.0,9.72,8.1
2176,1110.0,6.0,11.62,8.94
2177,1149.0,3.0,48.72,33.6
2178,1131.0,7.0,21.44,17.15
2179,1112.0,14.0,5.06,4.82
2180,1125.0,4.0,17.8,14.83
2181,1131.0,8.0,20.58,17.15
2182,1122.0,3.0,19.1,13.17
2183,1115.0,2.0,10.08,6.72
2184,1132.0,3.0,18.7,12.9
2185,1100.0,8.0,2.4,2.0
2186,1109.0,10.0,11.79,10.72
2187,1124.0,9.0,11.4,9.91
2188,1120.0,9.0,9.31,8.1
2189,1143.0,4.0,18.44,13.17
2190,1134.0,15.0,21.18,20.17
2191,1129.0,3.0,29.65,20.45
2192,1116.0,13.0,15.32,14.59
2193,1146.0,6.0,33.28,25.6
2194,1101.0,5.0,3.27,2.42
2195,1143.0,7.0,16.46,13.17
2196,1134.0,14.0,21.18,20.17
2197,1128.0,3.0,19.2,13.24
2198,1128.0,7.0,16.55,13.24
2199,1114.0,4.0,6.48,4.63
2200,1133.0,12.0,17.21,16.39
2201,1119.0,12.0,21.14,20.13
2202,1124.0,3.0,14.37,9.91
2203,1114.0,6.0,6.02,4.63
2204,1135.0,8.0,37.9,31.58
2205,1125.0,2.0,17.8,14.83
2206,1137.0,14.0,2.21,2.1
2207,1137.0,6.0,2.73,2.1
2208,1119.0,10.0,22.14,20.13
2209,1132.0,6.0,16.77,12.9
2210,1136.0,8.0,25.73,21.44
2211,1123.0,4.0,21.49,15.35
2212,1140.0,5.0,37.75,27.96
2213,1134.0,21.0,21.18,20.17
2214,1128.0,20.0,13.9,13.24
2215,1146.0,1.0,39.68,25.6
2216,1115.0,2.0,10.08,6.72
2217,1115.0,1.0,10.42,6.72
2218,1130.0,14.0,29.81,28.39
2219,1130.0,9.0,32.65,28.39
2220,1145.0,11.0,23.5,22.38
2221,1115.0,8.0,8.06,6.72
2222,1113.0,5.0,17.28,12.8
2223,1140.0,3.0,40.54,27.96
2224,1128.0,16.0,13.9,13.24
2225,1138.0,14.0,32.74,31.18
2226,1122.0,9.0,15.15,13.17
2227,1118.0,15.0,8.67,8.26
2228,1136.0,4.0,30.02,21.44
2229,1100.0,9.0,2.3,2.0
2230,1141.0,4.0,40.25,28.75
2231,1103.0,11.0,4.21,4.01
2232,1110.0,3.0,12.96,8.94
2233,1142.0,2.0,65.27,43.51
2234,1120.0,2.0,12.15,8.1
2235,1147.0,26.0,5.52,5.26
2236,1133.0,12.0,17.21,16.39
2237,1128.0,18.0,13.9,13.24
2238,1112.0,4.0,6.75,4.82
2239,1108.0,11.0,2.66,2.53
2240,1114.0,2.0,6.95,4.63
2241,1148.0,8.0,3.59,2.99
2242,1131.0,4.0,24.01,17.15
2243,1121.0,13.0,10.05,9.57
2244,1126.0,2.0,12.43,8.29
2245,1112.0,1.0,7.47,4.82
2246,1112.0,16.0,5.06,4.82
2247,1102.0,1.0,4.0,2.58
2248,1125.0,9.0,17.8,14.83
2249,1148.0,7.0,3.74,2.99
2250,1120.0,7.0,10.12,8.1
2251,1122.0,10.0,14.49,13.17
2252,1126.0,8.0,9.95,8.29
2253,1137.0,2.0,3.15,2.1
2254,1139.0,10.0,27.5,25.0
2255,1145.0,1.0,34.69,22.38
2256,1100.0,2.0,3.0,2.0
2257,1128.0,15.0,13.9,13.24
2258,1121.0,12.0,10.05,9.57
2259,1132.0,6.0,16.77,12.9
2260,1142.0,7.0,54.39,43.51
2261,1140.0,9.0,32.15,27.96
2262,1112.0,9.0,5.54,4.82
2263,1100.0,26.0,2.1,2.0
2264,1140.0,7.0,34.95,27.96
2265,1104.0,6.0,3.2,2.46
2266,1110.0,8.0,10.73,8.94
2267,1129.0,1.0,31.7,20.45
2268,1108.0,1.0,3.92,2.53
2269,1128.0,13.0,13.9,13.24
2270,1135.0,5.0,42.63,31.58
2271,1142.0,2.0,65.27,43.51
2272,1140.0,1.0,43.34,27.96
2273,1129.0,1.0,31.7,20.45
2274,1101.0,2.0,3.63,2.42
2275,1105.0,7.0,3.7,2.96
2276,1134.0,7.0,25.21,20.17
2277,1115.0,6.0,8.74,6.72
2278,1110.0,11.0,9.39,8.94
2279,1120.0,4.0,11.34,8.1
2280,1138.0,12.0,32.74,31.18
2281,1148.0,2.0,4.49,2.99
2282,1100.0,28.0,2.1,2.0
2283,1150.0,12.0,2.1,2.0
2284,1115.0,2.0,10.08,6.72
2285,1122.0,4.0,18.44,13.17
2286,1115.0,7.0,8.4,6.72
2287,1135.0,9.0,36.32,31.58
2288,1121.0,7.0,11.96,9.57
2289,1128.0,15.0,13.9,13.24
2290,1129.0,2.0,30.68,20.45
2291,1115.0,10.0,7.39,6.72
2292,1114.0,7.0,5.79,4.63
2293,1103.0,9.0,4.61,4.01
2294,1133.0,11.0,17.21,16.39
2295,1126.0,7.0,10.36,8.29
2296,1122.0,2.0,19.75,13.17
2297,1117.0,14.0,14.77,14.07
2298,1124.0,2.0,14.87,9.91
2299,1139.0,6.0,32.5,25.0
2300,1115.0,11.0,7.06,6.72
2301,1143.0,5.0,17.78,13.17
2302,1104.0,10.0,2.71,2.46
2303,1147.0,12.0,5.52,5.26
2304,1133.0,10.0,18.03,16.39
2305,1145.0,6.0,29.09,22.38
2306,1129.0,9.0,23.52,20.45
2307,1117.0,5.0,18.99,14.07
2308,1136.0,5.0,28.94,21.44
2309,1125.0,7.0,17.8,14.83
2310,1132.0,6.0,16.77,12.9
2311,1149.0,7.0,42.0,33.6
2312,1129.0,8.0,24.54,20.45
2313,1140.0,8.0,33.55,27.96
2314,1105.0,8.0,3.55,2.96
2315,1134.0,1.0,31.26,20.17
2316,1135.0,4.0,44.21,31.58
2317,1129.0,9.0,23.52,20.45
2318,1136.0,7.0,26.8,21.44
2319,1100.0,12.0,2.1,2.0
2320,1120.0,6.0,10.53,8.1
2321,1119.0,23.0,21.14,20.13
2322,1149.0,5.0,45.36,33.6
2323,1126.0,7.0,10.36,8.29
2324,1138.0,11.0,32.74,31.18
2325,1101.0,4.0,3.39,2.42
2326,1148.0,18.0,3.14,2.99
2327,1148.0,4.0,4.19,2.99
2328,1142.0,9.0,50.04,43.51
2329,1106.0,12.0,3.97,3.78
2330,1119.0,18.0,21.14,20.13
2331,1125.0,8.0,17.8,14.83
2332,1120.0,3.0,11.75,8.1
2333,1132.0,1.0,20.0,12.9
2334,1122.0,8.0,15.8,13.17
2335,1103.0,10.0,4.41,4.01
2336,1132.0,10.0,14.19,12.9
2337,1134.0,22.0,21.18,20.17
2338,1110.0,2.0,13.41,8.94
2339,1100.0,31.0,2.1,2.0
2340,1125.0,1.0,17.8,14.83
2341,1112.0,11.0,5.06,4.82
2342,1132.0,4.0,18.06,12.9
2343,1125.0,4.0,17.8,14.83
2344,1115.0,9.0,7.73,6.72
2345,1140.0,9.0,32.15,27.96
2346,1137.0,11.0,2.21,2.1
2347,1110.0,7.0,11.17,8.94
2348,1122.0,9.0,15.15,13.17
2349,1142.0,8.0,52.21,43.51
2350,1108.0,5.0,3.42,2.53
2351,1127.0,11.0,13.24,12.61
2352,1148.0,10.0,3.29,2.99
2353,1119.0,16.0,21.14,20.13
2354,1103.0,1.0,6.22,4.01
2355,1141.0,10.0,31.62,28.75
2356,1138.0,1.0,48.33,31.18
2357,1112.0,3.0,6.99,4.82
2358,1141.0,12.0,30.19,28.75
2359,1132.0,8.0,15.48,12.9
2360,1125.0,7.0,17.8,14.83
2361,1136.0,3.0,31.09,21.44
2362,1143.0,2.0,19.75,13.17
2363,1112.0,1.0,7.47,4.82
2364,1121.0,1.0,14.83,9.57
2365,1132.0,9.0,14.84,12.9
2366,1122.0,5.0,17.78,13.17
2367,1117.0,16.0,14.77,14.07
2368,1138.0,3.0,45.21,31.18
2369,1101.0,4.0,3.39,2.42
2370,1120.0,1.0,12.55,8.1
2371,1129.0,5.0,27.61,20.45
2372,1121.0,10.0,10.53,9.57
2373,1136.0,8.0,25.73,21.44
2374,1112.0,11.0,5.06,4.82
2375,1103.0,11.0,4.21,4.01
2376,1135.0,6.0,41.05,31.58
2377,1148.0,15.0,3.14,2.99
2378,1105.0,7.0,3.7,2.96
2379,1144.0,6.0,4.93,3.79
2380,1110.0,2.0,13.41,8.94
2381,1120.0,4.0,11.34,8.1
2382,1105.0,5.0,4.0,2.96
2383,1111.0,3.0,8.37,5.77
2384,1140.0,4.0,39.14,27.96
2385,1103.0,6.0,5.21,4.01
2386,1103.0,10.0,4.41,4.01
2387,1108.0,1.0,3.92,2.53
2388,1120.0,10.0,8.91,8.1
2389,1115.0,9.0,7.73,6.72
2390,1117.0,11.0,14.77,14.07
2391,1146.0,16.0,26.88,25.6
2392,1147.0,22.0,5.52,5.26
2393,1137.0,16.0,2.21,2.1
2394,1121.0,7.0,11.96,9.57
2395,1145.0,5.0,30.21,22.38
2396,1125.0,3.0,17.8,14.83
2397,1141.0,6.0,37.38,28.75
2398,1135.0,2.0,47.37,31.58
2399,1146.0,16.0,26.88,25.6
2400,1116.0,13.0,15.32,14.59
2401,1141.0,4.0,40.25,28.75
2402,1122.0,4.0,18.44,13.17
2403,1147.0,19.0,5.52,5.26
2404,1125.0,9.0,17.8,14.83
2405,1146.0,7.0,32.0,25.6
2406,1137.0,2.0,3.15,2.1
2407,1130.0,3.0,41.17,28.39
2408,1127.0,1.0,19.55,12.61
2409,1110.0,6.0,11.62,8.94
2410,1110.0,2.0,13.41,8.94
2411,1146.0,16.0,26.88,25.6
2412,1134.0,12.0,21.18,20.17
2413,1146.0,11.0,26.88,25.6
2414,1137.0,5.0,2.83,2.1
2415,1148.0,12.0,3.14,2.99
2416,1136.0,6.0,27.87,21.44
2417,1123.0,4.0,21.49,15.35
2418,1109.0,13.0,11.26,10.72
2419,1136.0,1.0,33.23,21.44
2420,1126.0,5.0,11.19,8.29
2421,1112.0,12.0,5.06,4.82
2422,1110.0,7.0,11.17,8.94
2423,1131.0,7.0,21.44,17.15
2424,1148.0,9.0,3.44,2.99
2425,1123.0,12.0,16.12,15.35
2426,1120.0,4.0,11.34,8.1
2427,1105.0,10.0,3.26,2.96
2428,1136.0,3.0,31.09,21.44
2429,1142.0,1.0,67.44,43.51
2430,1129.0,6.0,26.59,20.45
2431,1122.0,6.0,17.12,13.17
2432,1120.0,9.0,9.31,8.1
2433,1143.0,3.0,19.1,13.17
2434,1110.0,4.0,12.52,8.94
2435,1136.0,4.0,30.02,21.44
2436,1138.0,5.0,42.09,31.18
2437,1148.0,16.0,3.14,2.99
2438,1148.0,15.0,3.14,2.99
2439,1137.0,15.0,2.21,2.1
2440,1134.0,21.0,21.18,20.17
2441,1103.0,6.0,5.21,4.01
2442,1121.0,12.0,10.05,9.57
2443,1123.0,10.0,16.88,15.35
2444,1103.0,6.0,5.21,4.01
2445,1149.0,3.0,48.72,33.6
2446,1124.0,14.0,10.41,9.91
2447,1136.0,5.0,28.94,21.44
2448,1134.0,4.0,28.24,20.17
2449,1148.0,11.0,3.14,2.99
2450,1137.0,10.0,2.31,2.1
2451,1115.0,3.0,9.74,6.72
2452,1133.0,2.0,24.59,16.39
2453,1112.0,17.0,5.06,4.82
2454,1138.0,2.0,46.77,31.18
2455,1132.0,8.0,15.48,12.9
2456,1126.0,3.0,12.02,8.29
2457,1113.0,7.0,16.0,12.8
2458,1134.0,8.0,24.2,20.17
2459,1127.0,17.0,13.24,12.61
2460,1140.0,4.0,39.14,27.96
2461,1126.0,2.0,12.43,8.29
2462,1130.0,18.0,29.81,28.39
2463,1132.0,4.0,18.06,12.9
2464,1101.0,6.0,3.15,2.42
2465,1123.0,10.0,16.88,15.35
2466,1138.0,6.0,40.53,31.18
2467,1101.0,11.0,2.54,2.42
2468,1135.0,8.0,37.9,31.58
2469,1125.0,3.0,17.8,14.83
2470,1125.0,4.0,17.8,14.83
2471,1130.0,9.0,32.65,28.39
2472,1132.0,6.0,16.77,12.9
2473,1103.0,4.0,5.61,4.01
2474,1131.0,1.0,26.58,17.15
2475,1139.0,2.0,37.5,25.0
2476,1125.0,1.0,17.8,14.83
2477,1131.0,9.0,19.72,17.15
2478,1113.0,1.0,19.84,12.8
2479,1133.0,10.0,18.03,16.39
2480,1135.0,5.0,42.63,31.58
2481,1120.0,5.0,10.93,8.1
2482,1130.0,12.0,29.81,28.39
2483,1134.0,11.0,21.18,20.17
2484,1103.0,5.0,5.41,4.01
2485,1142.0,7.0,54.39,43.51
2486,1131.0,16.0,18.01,17.15
2487,1120.0,7.0,10.12,8.1
2488,1117.0,15.0,14.77,14.07
2489,1113.0,1.0,19.84,12.8
2490,1112.0,11.0,5.06,4.82
2491,1147.0,23.0,5.52,5.26
2492,1128.0,20.0,13.9,13.24
2493,1113.0,3.0,18.56,12.8
2494,1105.0,4.0,4.14,2.96
2495,1123.0,7.0,19.19,15.35
2496,1126.0,1.0,12.85,8.29
2497,1125.0,7.0,17.8,14.83
2498,1140.0,4.0,39.14,27.96
2499,1143.0,5.0,17.78,13.17
2500,1126.0,5.0,11.19,8.29
2501,1131.0,18.0,18.01,17.15
2502,1115.0,2.0,10.08,6.72
2503,1124.0,13.0,10.41,9.91
2504,1149.0,3.0,48.72,33.6
2505,1129.0,1.0,31.7,20.45
2506,1103.0,1.0,6.22,4.01
2507,1133.0,4.0,22.95,16.39
2508,1124.0,1.0,15.36,9.91
2509,1130.0,1.0,44.0,28.39
2510,1137.0,14.0,2.21,2.1
2511,1141.0,8.0,34.5,28.75
2512,1113.0,11.0,13.44,12.8
2513,1132.0,8.0,15.48,12.9
2514,1135.0,6.0,41.05,31.58
2515,1125.0,5.0,17.8,14.83
2516,1110.0,9.0,10.28,8.94
2517,1103.0,10.0,4.41,4.01
2518,1139.0,1.0,38.75,25.0
2519,1120.0,3.0,11.75,8.1
2520,1132.0,2.0,19.35,12.9
2521,1119.0,1.0,31.2,20.13
2522,1136.0,1.0,33.23,21.44
2523,1105.0,1.0,4.59,2.96
2524,1148.0,17.0,3.14,2.99
2525,1131.0,9.0,19.72,17.15
2526,1137.0,20.0,2.21,2.1
2527,1134.0,22.0,21.18,20.17
2528,1144.0,23.0,3.98,3.79
2529,1101.0,4.0,3.39,2.42
2530,1134.0,8.0,24.2,20.17
2531,1145.0,12.0,23.5,22.38
2532,1125.0,6.0,17.8,14.83
2533,1112.0,7.0,6.03,4.82
2534,1143.0,8.0,15.8,13.17
2535,1149.0,2.0,50.4,33.6
2536,1116.0,2.0,21.88,14.59
2537,1117.0,1.0,21.81,14.07
2538,1122.0,2.0,19.75,13.17
2539,1121.0,6.0,12.44,9.57
2540,1138.0,12.0,32.74,31.18
2541,1137.0,18.0,2.21,2.1
2542,1113.0,3.0,18.56,12.8
2543,1103.0,10.0,4.41,4.01
2544,1121.0,14.0,10.05,9.57
2545,1148.0,8.0,3.59,2.99
2546,1133.0,7.0,20.49,16.39
2547,1123.0,12.0,16.12,15.35
2548,1138.0,4.0,43.65,31.18
2549,1109.0,20.0,11.26,10.72
2550,1124.0,1.0,15.36,9.91
2551,1109.0,13.0,11.26,10.72
2552,1142.0,10.0,47.86,43.51
2553,1131.0,14.0,18.01,17.15
2554,1105.0,6.0,3.85,2.96
2555,1117.0,16.0,14.77,14.07
2556,1139.0,10.0,27.5,25.0
2557,1115.0,11.0,7.06,6.72
2558,1137.0,9.0,2.42,2.1
2559,1103.0,7.0,5.01,4.01
2560,1105.0,4.0,4.14,2.96
2561,1117.0,6.0,18.29,14.07
2562,1126.0,10.0,9.12,8.29
2563,1124.0,15.0,10.41,9.91
2564,1128.0,12.0,13.9,13.24
2565,1107.0,9.0,3.44,2.99
2566,1100.0,4.0,2.8,2.0
2567,1146.0,8.0,30.72,25.6
2568,1132.0,3.0,18.7,12.9
2569,1137.0,15.0,2.21,2.1
2570,1190.0,5.0,8.43,6.1
